number,key,title,authors,year,publication_type,venue,volume,issue,pages,article_number,doi,url,ieee_reference
1,LIT_QUINCE2011,Redesign of rescue mobile robot Quince: Toward emergency response to the nuclear accident at Fukushima Daiichi Nuclear Power Station on March 2011,Keiji Nagatani; Seiga Kiribayashi; Yoshito Okada; Satoshi Tadokoro; Takeshi Nishimura; Tomoaki Yoshida; Eiji Koyanagi; Yasushi Hada,2011,conference,"2011 IEEE International Symposium on Safety, Security, and Rescue Robotics",,,13-18,,10.1109/SSRR.2011.6106794,https://doi.org/10.1109/SSRR.2011.6106794,"[1]	K. Nagatani et al., “Redesign of rescue mobile robot Quince: Toward emergency response to the nuclear accident at Fukushima Daiichi Nuclear Power Station on March 2011,” in Proc. IEEE Int. Symp. Safety, Security, Rescue Robot. (SSRR), Nov. 2011, pp. 13–18, doi: 10.1109/SSRR.2011.6106794."
2,LIT_GAS2019,Towards gas discrimination and mapping in emergency response scenarios using a mobile robot with an electronic nose,Han Fan; Victor Hernandez Bennetts; Erik Schaffernicht; Achim J. Lilienthal,2019,journal,Sensors,19,3,,685,10.3390/s19030685,https://doi.org/10.3390/s19030685,"[2]	H. Fan, V. Hernandez Bennetts, E. Schaffernicht, and A. J. Lilienthal, “Towards gas discrimination and mapping in emergency response scenarios using a mobile robot with an electronic nose,” Sensors, vol. 19, no. 3, Feb. 2019, Art. no. 685, doi: 10.3390/s19030685."
3,LIT_RADNAV2021,Robotic exploration of an unknown nuclear environment using radiation informed autonomous navigation,Keir Groves; Emili Hernandez; Andrew West; Thomas Wright; Barry Lennox,2021,journal,Robotics,10,2,,78,10.3390/robotics10020078,https://doi.org/10.3390/robotics10020078,"[3]	K. Groves, E. Hernandez, A. West, T. Wright, and B. Lennox, “Robotic exploration of an unknown nuclear environment using radiation informed autonomous navigation,” Robotics, vol. 10, no. 2, May 2021, Art. no. 78, doi: 10.3390/robotics10020078."
4,LIT_COAL2017,A search-and-rescue robot system for remotely sensing the underground coal mine environment,Jingchao Zhao; Junyao Gao; Fangzhou Zhao; Yi Liu,2017,journal,Sensors,17,10,,2426,10.3390/s17102426,https://doi.org/10.3390/s17102426,"[4]	J. Zhao, J. Gao, F. Zhao, and Y. Liu, “A search-and-rescue robot system for remotely sensing the underground coal mine environment,” Sensors, vol. 17, no. 10, Oct. 2017, Art. no. 2426, doi: 10.3390/s17102426."
5,LIT_DRZ2024,Lessons from robot-assisted disaster response deployments by the German Rescue Robotics Center task force,Hartmut Surmann; Kevin Daun; Marius Schnaubelt; Oskar von Stryk; Manuel Patchou; Stefan Böcker; Christian Wietfeld; Jan Quenzel; Daniel Schleich; Sven Behnke; Robert Grafe; Nils Heidemann; Dominik Slomma; Ivana Kruijff‐Korbayová,2024,journal,Journal of Field Robotics,41,3,782-797,,10.1002/rob.22275,https://doi.org/10.1002/rob.22275,"[5]	H. Surmann et al., “Lessons from robot-assisted disaster response deployments by the German Rescue Robotics Center task force,” J. Field Robot., vol. 41, no. 3, pp. 782–797, May 2024, doi: 10.1002/rob.22275."
6,LIT_CERBERUS2023,Team CERBERUS wins the DARPA Subterranean Challenge: Technical overview and lessons learned,Marco Tranzatto; Mihir Dharmadhikari; Lukas Bernreiter; Marco Camurri; Shehryar Khattak; Frank Mascarich; Patrick Pfreundschuh; David Wisth; Samuel Zimmermann; Mihir Kulkarni; Victor Reijgwart; Benoit Casseau; Timon Hornberger; Paolo De Petris; Lionel Ott; Wayne Tubby; Gabriel Waibel; Huan Nguyen; Cesar Cadena; Russell Buchanan; Lorenz Wellhausen; Nikhil Khedekar; Olov Andersson; Lintong Zhang; Takahiro Miki; Tung Dang; Matias Mattamala; Markus Montenegro; Konrad Meyer; Xiangyu Wu; Adrien Briod; Mark Mueller; Maurice Fallon; Roland Siegwart; Marco Hutter; Kostas Alexis,2024,journal,Field Robotics,4,,249-312,,10.55417/fr.2024009,https://doi.org/10.55417/fr.2024009,"[6]	M. Tranzatto et al., “Team CERBERUS wins the DARPA Subterranean Challenge: Technical overview and lessons learned,” Field Robot., vol. 4, pp. 249–312, Apr. 2024, doi: 10.55417/fr.2024009."
7,LIT_SCHWAIGER2024,Semi-autonomous mobile search and rescue robot for radiation disaster scenarios,Simon Schwaiger; Lucas Muster; Georg Novotny; Michael Schebek; Wilfried Wöber; Stefan Thalhammer; Christoph Böhm,2024,preprint,arXiv,,,,,10.48550/arXiv.2406.14385,https://arxiv.org/abs/2406.14385v1,"[7]	S. Schwaiger et al., “Semi-autonomous mobile search and rescue robot for radiation disaster scenarios,” 2024, arXiv:2406.14385v1. Accessed: Sep. 16, 2026. [Online]. Available: https://arxiv.org/abs/2406.14385v1"
8,LIT_MULTIGAS2014,Combining non selective gas sensors on a mobile robot for identification and mapping of multiple chemical compounds,Victor Hernandez Bennetts; Erik Schaffernicht; Victor Pomareda; Achim Lilienthal; Santiago Marco; Marco Trincavelli,2014,journal,Sensors,14,9,17331-17352,,10.3390/s140917331,https://doi.org/10.3390/s140917331,"[8]	V. Hernandez Bennetts, E. Schaffernicht, V. Pomareda, A. Lilienthal, S. Marco, and M. Trincavelli, “Combining non selective gas sensors on a mobile robot for identification and mapping of multiple chemical compounds,” Sensors, vol. 14, no. 9, pp. 17331–17352, Sep. 2014, doi: 10.3390/s140917331."
9,LIT_GADEN2017,GADEN: A 3D gas dispersion simulator for mobile robot olfaction in realistic environments,Javier Monroy; Victor Hernandez-Bennetts; Han Fan; Achim Lilienthal; Javier Gonzalez-Jimenez,2017,journal,Sensors,17,7,,1479,10.3390/s17071479,https://doi.org/10.3390/s17071479,"[9]	J. Monroy, V. Hernandez-Bennetts, H. Fan, A. Lilienthal, and J. Gonzalez-Jimenez, “GADEN: A 3D gas dispersion simulator for mobile robot olfaction in realistic environments,” Sensors, vol. 17, no. 7, Jun. 2017, Art. no. 1479, doi: 10.3390/s17071479."
10,LIT_INFOMAP2023,Information-driven gas distribution mapping for autonomous mobile robots,Andres Gongora; Javier Monroy; Faezeh Rahbar; Chiara Ercolani; Javier Gonzalez-Jimenez; Alcherio Martinoli,2023,journal,Sensors,23,12,,5387,10.3390/s23125387,https://doi.org/10.3390/s23125387,"[10]	A. Gongora, J. Monroy, F. Rahbar, C. Ercolani, J. Gonzalez-Jimenez, and A. Martinoli, “Information-driven gas distribution mapping for autonomous mobile robots,” Sensors, vol. 23, no. 12, Jun. 2023, Art. no. 5387, doi: 10.3390/s23125387."
11,LIT_SEMANTICGAS2018,A semantic-based gas source localization with a mobile robot combining vision and chemical sensing,Javier Monroy; Jose-Raul Ruiz-Sarmiento; Francisco-Angel Moreno; Francisco Melendez-Fernandez; Cipriano Galindo; Javier Gonzalez-Jimenez,2018,journal,Sensors,18,12,,4174,10.3390/s18124174,https://doi.org/10.3390/s18124174,"[11]	J. Monroy, J.-R. Ruiz-Sarmiento, F.-A. Moreno, F. Melendez-Fernandez, C. Galindo, and J. Gonzalez-Jimenez, “A semantic-based gas source localization with a mobile robot combining vision and chemical sensing,” Sensors, vol. 18, no. 12, Nov. 2018, Art. no. 4174, doi: 10.3390/s18124174."
12,LIT_NEXTSMELL2018,A next-best-smell approach for remote gas detection with a mobile robot,Riccardo Polvara; Marco Trabattoni; Tomasz Piotr Kucner; Erik Schaffernicht; Francesco Amigoni; Achim J. Lilienthal,2018,preprint,arXiv,,,,,10.48550/arXiv.1801.06819,https://doi.org/10.48550/arXiv.1801.06819,"[12]	R. Polvara, M. Trabattoni, T. P. Kucner, E. Schaffernicht, F. Amigoni, and A. J. Lilienthal, “A next-best-smell approach for remote gas detection with a mobile robot,” 2018, arXiv:1801.06819."
13,LIT_CARMA2023,"CARMA II: A ground vehicle for autonomous surveying of alpha, beta and gamma radiation",Bahman Nouri Rahmat Abadi; Andrew West; Harriet Peel; Matthew Nancekievill; Christopher Ballard; Barry Lennox; Ognjen Marjanovic; Keir Groves,2023,journal,Frontiers in Robotics and AI,10,,,1137750,10.3389/frobt.2023.1137750,https://doi.org/10.3389/frobt.2023.1137750,"[13]	B. Nouri Rahmat Abadi et al., “CARMA II: A ground vehicle for autonomous surveying of alpha, beta and gamma radiation,” Front. Robot. AI, vol. 10, Mar. 2023, Art. no. 1137750, doi: 10.3389/frobt.2023.1137750."
14,LIT_RADHOT2019,Autonomous exploration for radioactive hotspots localization taking account of sensor limitations,Hadi Ardiny; Stefan Witwicki; Francesco Mondada,2019,journal,Sensors,19,2,,292,10.3390/s19020292,https://doi.org/10.3390/s19020292,"[14]	H. Ardiny, S. Witwicki, and F. Mondada, “Autonomous exploration for radioactive hotspots localization taking account of sensor limitations,” Sensors, vol. 19, no. 2, Jan. 2019, Art. no. 292, doi: 10.3390/s19020292."
15,LIT_RADSEARCH2020,Autonomous search of radioactive sources through mobile robots,Jianwen Huo; Manlu Liu; Konstantin A. Neusypin; Haojie Liu; Mingming Guo; Yufeng Xiao,2020,journal,Sensors,20,12,,3461,10.3390/s20123461,https://doi.org/10.3390/s20123461,"[15]	J. Huo, M. Liu, K. A. Neusypin, H. Liu, M. Guo, and Y. Xiao, “Autonomous search of radioactive sources through mobile robots,” Sensors, vol. 20, no. 12, Jun. 2020, Art. no. 3461, doi: 10.3390/s20123461."
16,LIT_RADADAPT2025,A behavioral robotics approach to radiation mapping using adaptive sampling,Joel Adams; Brendon Cintas; Nakwon Sung; Anthony Abrahao; Leonel Lagos; Dwayne McDaniel,2025,journal,Applied Sciences,15,4,,2050,10.3390/app15042050,https://doi.org/10.3390/app15042050,"[16]	J. Adams, B. Cintas, N. Sung, A. Abrahao, L. Lagos, and D. McDaniel, “A behavioral robotics approach to radiation mapping using adaptive sampling,” Appl. Sci., vol. 15, no. 4, Feb. 2025, Art. no. 2050, doi: 10.3390/app15042050."
17,LIT_WATER2021,Autonomous water quality monitoring and water surface cleaning for unmanned surface vehicle,Hsing-Cheng Chang; Yu-Liang Hsu; San-Shan Hung; Guan-Ru Ou; Jia-Ron Wu; Chuan Hsu,2021,journal,Sensors,21,4,,1102,10.3390/s21041102,https://doi.org/10.3390/s21041102,"[17]	H.-C. Chang, Y.-L. Hsu, S.-S. Hung, G.-R. Ou, J.-R. Wu, and C. Hsu, “Autonomous water quality monitoring and water surface cleaning for unmanned surface vehicle,” Sensors, vol. 21, no. 4, Feb. 2021, Art. no. 1102, doi: 10.3390/s21041102."
18,LIT_IDRONE2022,Prototyping a low-cost open-source autonomous unmanned surface vehicle for real-time water quality monitoring and visualization,Jae Hyeon Ryu,2022,journal,HardwareX,12,,,e00369,10.1016/j.ohx.2022.e00369,https://doi.org/10.1016/j.ohx.2022.e00369,"[18]	J. H. Ryu, “Prototyping a low-cost open-source autonomous unmanned surface vehicle for real-time water quality monitoring and visualization,” HardwareX, vol. 12, Oct. 2022, Art. no. e00369, doi: 10.1016/j.ohx.2022.e00369."
19,LIT_ROMR2023,ROMR: A ROS-based open-source mobile robot,Linus Nwankwo; Clemens Fritze; Konrad Bartsch; Elmar Rueckert,2023,journal,HardwareX,14,,,e00426,10.1016/j.ohx.2023.e00426,https://doi.org/10.1016/j.ohx.2023.e00426,"[19]	L. Nwankwo, C. Fritze, K. Bartsch, and E. Rueckert, “ROMR: A ROS-based open-source mobile robot,” HardwareX, vol. 14, Jun. 2023, Art. no. e00426, doi: 10.1016/j.ohx.2023.e00426."
20,LIT_SMART2022,SMARTmBOT: A ROS2-based low-cost and open-source mobile robot platform,Wonse Jo; Jaeeun Kim; Ruiqi Wang; Jeremy Pan; Revanth Krishna Senthilkumaran; Byung-Cheol Min,2022,preprint,arXiv,,,,,10.48550/arXiv.2203.08903,https://doi.org/10.48550/arXiv.2203.08903,"[20]	W. Jo, J. Kim, R. Wang, J. Pan, R. K. Senthilkumaran, and B.-C. Min, “SMARTmBOT: A ROS2-based low-cost and open-source mobile robot platform,” 2022, arXiv:2203.08903."
21,LIT_MODULAR2024,Enabling robustness to failure with modular field robots,Troy Cordie; Jonathan Roberts; Matthew Dunbabin; Ross Dungavell; Tirthankar Bandyopadhyay,2024,journal,Frontiers in Robotics and AI,11,,,1225297,10.3389/frobt.2024.1225297,https://doi.org/10.3389/frobt.2024.1225297,"[21]	T. Cordie, J. Roberts, M. Dunbabin, R. Dungavell, and T. Bandyopadhyay, “Enabling robustness to failure with modular field robots,” Front. Robot. AI, vol. 11, Mar. 2024, Art. no. 1225297, doi: 10.3389/frobt.2024.1225297."
22,LIT_LIOSAM2020,LIO-SAM: Tightly-coupled lidar inertial odometry via smoothing and mapping,Tixiao Shan; Brendan Englot; Drew Meyers; Wei Wang; Carlo Ratti; Daniela Rus,2020,conference,2020 IEEE/RSJ International Conference on Intelligent Robots and Systems (IROS),,,5135-5142,,10.1109/IROS45743.2020.9341176,https://doi.org/10.1109/IROS45743.2020.9341176,"[22]	T. Shan, B. Englot, D. Meyers, W. Wang, C. Ratti, and D. Rus, “LIO-SAM: Tightly-coupled lidar inertial odometry via smoothing and mapping,” in Proc. IEEE/RSJ Int. Conf. Intell. Robots Syst. (IROS), Oct. 2020, pp. 5135–5142, doi: 10.1109/IROS45743.2020.9341176."
23,LIT_ORBSLAM2021,"ORB-SLAM3: An accurate open-source library for visual, visual–inertial, and multimap SLAM",Carlos Campos; Richard Elvira; Juan J. Gómez Rodríguez; José M. M. Montiel; Juan D. Tardós,2021,journal,IEEE Transactions on Robotics,37,6,1874-1890,,10.1109/TRO.2021.3075644,https://doi.org/10.1109/TRO.2021.3075644,"[23]	C. Campos, R. Elvira, J. J. Gómez Rodríguez, J. M. M. Montiel, and J. D. Tardós, “ORB-SLAM3: An accurate open-source library for visual, visual–inertial, and multimap SLAM,” IEEE Trans. Robot., vol. 37, no. 6, pp. 1874–1890, Dec. 2021, doi: 10.1109/TRO.2021.3075644."
24,LIT_MARATHON2020,The Marathon 2: A navigation system,Steve Macenski; Francisco Martín; Ruffin White; Jonatan Ginés Clavero,2020,conference,2020 IEEE/RSJ International Conference on Intelligent Robots and Systems,,,2718-2725,,10.1109/IROS45743.2020.9341207,https://doi.org/10.1109/IROS45743.2020.9341207,"[24]	S. Macenski, F. Martín, R. White, and J. G. Clavero, “The Marathon 2: A navigation system,” in Proc. IEEE/RSJ Int. Conf. Intell. Robots Syst. (IROS), Oct. 2020, pp. 2718–2725, doi: 10.1109/IROS45743.2020.9341207."
25,LIT_RESQBOT2019,ResQbot: A mobile rescue robot with immersive teleperception for casualty extraction,Roni Permana Saputra; Petar Kormushev,2018,chapter,Towards Autonomous Robotic Systems,10965,,209-220,,10.1007/978-3-319-96728-8_18,https://doi.org/10.1007/978-3-319-96728-8_18,"[25]	R. P. Saputra and P. Kormushev, “ResQbot: A mobile rescue robot with immersive teleperception for casualty extraction,” in Towards Autonomous Robotic Systems (Lecture Notes Comput. Sci., vol. 10965), M. Giuliani, T. Assaf, and M. E. Giannaccini, Eds. Cham, Switzerland: Springer, 2018, pp. 209–220, doi: 10.1007/978-3-319-96728-8_18."
26,ENG_MOTOR,100:1 metal gearmotor 37Dx73L mm 12V with 64 CPR encoder (helical pinion),Pololu Corporation,,website,,,,,,,https://www.pololu.com/product/4755,"[26]	Pololu Corporation. “100:1 metal gearmotor 37Dx73L mm 12V with 64 CPR encoder (helical pinion).” Pololu. (n.d.). Accessed: Sep. 16, 2026. [Online]. Available: https://www.pololu.com/product/4755"
27,ENG_BATTERY,12V 6Ah LiFePO4 battery—Bioenno Power BLF-1206A,Bioenno Power,,website,,,,,,,https://www.bioennopower.com/products/12v-6ah-lifepo4-battery-pvc,"[27]	Bioenno Power. “12V 6Ah LiFePO4 battery—Bioenno Power BLF-1206A.” Bioenno Power. (n.d.). Accessed: Sep. 16, 2026. [Online]. Available: https://www.bioennopower.com/products/12v-6ah-lifepo4-battery-pvc"
28,ENG_PANEL,20W monocrystalline 12V solar panel,Newpowa,,website,,,,,,,https://www.newpowa.com/new-20w-monocrystalline-12v-solar-panel/,"[28]	Newpowa. “20W monocrystalline 12V solar panel.” Newpowa. (n.d.). Accessed: Sep. 16, 2026. [Online]. Available: https://www.newpowa.com/new-20w-monocrystalline-12v-solar-panel/"
29,ENG_SKID,Experimental kinematics for wheeled skid-steer mobile robots,Anthony Mandow; Jorge L. Martínez; Jesús Morales; José L. Blanco; Alfonso García-Cerezo; Javier González,2007,conference,,,,1222-1227,,10.1109/IROS.2007.4399139,https://babel.isa.uma.es/_utils/downloads/logdownloads.php?f=downloads%2Fjafma%2Fpapers%2Fmandow2007ekw.pdf&t=pdf&u=jafma,"[29]	A. Mandow, J. L. Martínez, J. Morales, J. L. Blanco, A. García-Cerezo, and J. González, “Experimental kinematics for wheeled skid-steer mobile robots,” in Proc. IEEE/RSJ Int. Conf. Intell. Robots Syst. (IROS), Oct. 2007, pp. 1222–1227, doi: 10.1109/IROS.2007.4399139."
30,ENG_ODOM,Measurement and correction of systematic odometry errors in mobile robots,Johann Borenstein; Liqiang Feng,1996,journal,IEEE Transactions on Robotics and Automation,12,6,869-880,,10.1109/70.544770,https://web.cecs.pdx.edu/~mperkows/CLASS_479/S2006/Paper-correction-odometry-error.pdf,"[30]	J. Borenstein and L. Feng, “Measurement and correction of systematic odometry errors in mobile robots,” IEEE Trans. Robot. Automat., vol. 12, no. 6, pp. 869–880, Dec. 1996, doi: 10.1109/70.544770."
31,ENG_BQ24650,BQ24650 Stand-Alone Synchronous Buck Battery Charge Controller for Solar Power With Maximum Power Point Tracking,Texas Instruments,2020,manual,,,,,,,https://www.ti.com/lit/ds/symlink/bq24650.pdf,"[31]	Texas Instruments. BQ24650 Stand-Alone Synchronous Buck Battery Charge Controller for Solar Power With Maximum Power Point Tracking, SLUSA75B. (Jan. 2020). Accessed: Sep. 16, 2026. [Online]. Available: https://www.ti.com/lit/ds/symlink/bq24650.pdf"
32,ENG_BQ76920,BQ76920: 3 to 5 series cell battery monitor,Texas Instruments,,website,,,,,,,https://www.ti.com/product/BQ76920,"[32]	Texas Instruments. “BQ76920: 3 to 5 series cell battery monitor.” Texas Instruments. (n.d.). Accessed: Sep. 16, 2026. [Online]. Available: https://www.ti.com/product/BQ76920"
33,ENG_PVWATTS,PVWatts version 5 manual,Aron P. Dobos,2014,report,,,,,,10.2172/1158421,https://docs.nrel.gov/docs/fy14osti/62641.pdf,"[33]	A. P. Dobos, “PVWatts version 5 manual,” National Renewable Energy Laboratory, Golden, CO, USA, NREL/TP-6A20-62641, Sep. 2014, doi: 10.2172/1158421."
34,ENG_MQ2,Flammable Gas Sensor (Model MQ-2) Manual,"Zhengzhou Winsen Electronics Technology Co., Ltd.",2021,manual,,,,,,,https://www.winsen-sensor.com/d/files/newpdf/mq-2-%28ver1_6%29---manual.pdf,"[34]	Zhengzhou Winsen Electronics Technology Co., Ltd. Flammable Gas Sensor (Model MQ-2) Manual, ver. 1.6. (Jul. 1, 2021). Accessed: Sep. 16, 2026. [Online]. Available: https://www.winsen-sensor.com/d/files/newpdf/mq-2-%28ver1_6%29---manual.pdf"
35,ENG_TDS,Gravity: Analog TDS sensor/meter for Arduino (SEN0244),DFRobot,,website,,,,,,,https://wiki.dfrobot.com/sen0244,"[35]	DFRobot. “Gravity: Analog TDS sensor/meter for Arduino (SEN0244).” DFRobot Wiki. (n.d.). Accessed: Sep. 16, 2026. [Online]. Available: https://wiki.dfrobot.com/sen0244"
36,ENG_TDS_CODE,Gravity: Analog TDS sensor/meter for Arduino—Example code for Arduino: Measure TDS value,DFRobot,,website,,,,,,,https://wiki.dfrobot.com/sen0244/docs/20305,"[36]	DFRobot. “Gravity: Analog TDS sensor/meter for Arduino—Example code for Arduino: Measure TDS value.” DFRobot Wiki. (n.d.). Accessed: Sep. 16, 2026. [Online]. Available: https://wiki.dfrobot.com/sen0244/docs/20305"
37,ENG_USGS_EC,Chapter A6.3. Specific conductance,U.S. Geological Survey,2019,report,,,,,,10.3133/tm9A6.3,https://pubs.usgs.gov/publication/tm9A6.3,"[37]	U.S. Geological Survey, “Chapter A6.3. Specific conductance,” Techniques and Methods 9-A6.3, 2019, doi: 10.3133/tm9A6.3."
38,ENG_GUM,Evaluation of measurement data—Guide to the expression of uncertainty in measurement,Joint Committee for Guides in Metrology,2008,report,,,,,,10.59161/JCGM100-2008E,https://www.bipm.org/doi/10.59161/JCGM100-2008E,"[38]	Joint Committee for Guides in Metrology, “Evaluation of measurement data—Guide to the expression of uncertainty in measurement,” JCGM 100:2008, 2008, doi: 10.59161/JCGM100-2008E."
39,ENG_TURB_FAQ,Turbidity sensor FAQ [SEN0189],Winster,2022,website,,,,,,,https://www.dfrobot.com/forum/topic/315216,"[39]	Winster. “Turbidity sensor FAQ [SEN0189].” DFRobot Forum. Aug. 19, 2022. Accessed: Sep. 16, 2026. [Online]. Available: https://www.dfrobot.com/forum/topic/315216"
40,ENG_TURB,Gravity: Analog turbidity sensor for Arduino (SEN0189),DFRobot,,website,,,,,,,https://wiki.dfrobot.com/sen0189,"[40]	DFRobot. “Gravity: Analog turbidity sensor for Arduino (SEN0189).” DFRobot Wiki. (n.d.). Accessed: Sep. 16, 2026. [Online]. Available: https://wiki.dfrobot.com/sen0189"
41,ENG_EPA1801,Determination of turbidity by nephelometry,U.S. Environmental Protection Agency,1993,report,,,,,,,https://www.epa.gov/sites/default/files/2015-08/documents/method_180-1_1993.pdf,"[41]	U.S. Environmental Protection Agency, “Determination of turbidity by nephelometry,” Cincinnati, OH, USA, Method 180.1, rev. 2.0, Aug. 1993. Accessed: Sep. 16, 2026. [Online]. Available: https://www.epa.gov/sites/default/files/2015-08/documents/method_180-1_1993.pdf"
42,ENG_EPA_TDS,Secondary drinking water standards: Guidance for nuisance chemicals,U.S. Environmental Protection Agency,,website,,,,,,,https://www.epa.gov/sdwa/secondary-drinking-water-standards-guidance-nuisance-chemicals,"[42]	U.S. Environmental Protection Agency. “Secondary drinking water standards: Guidance for nuisance chemicals.” United States Environmental Protection Agency. (n.d.). Accessed: Sep. 16, 2026. [Online]. Available: https://www.epa.gov/sdwa/secondary-drinking-water-standards-guidance-nuisance-chemicals"
43,ENG_WHO_TURB,Water quality and health: Review of turbidity,World Health Organization,2017,report,,,,,,,https://www.who.int/publications/i/item/WHO-FWC-WSH-17.01,"[43]	World Health Organization, “Water quality and health: Review of turbidity,” WHO/FWC/WSH/17.01, Feb. 2017. Accessed: Sep. 16, 2026. [Online]. Available: https://www.who.int/publications/i/item/WHO-FWC-WSH-17.01"
44,ENG_IAEA_GM,Assessment of Occupational Exposure Due to External Radiation Sources: Workplace Monitoring,International Atomic Energy Agency,,manual,,,,,,,https://nucleus.iaea.org/sites/orpnet/training/ExternalRadiation/Shared%20Documents/5_workplace%20monitoring%20-%20Final.pdf,"[44]	International Atomic Energy Agency. Assessment of Occupational Exposure Due to External Radiation Sources: Workplace Monitoring. (n.d.). Accessed: Sep. 16, 2026. [Online]. Available: https://nucleus.iaea.org/sites/orpnet/training/ExternalRadiation/Shared%20Documents/5_workplace%20monitoring%20-%20Final.pdf"
45,ENG_IAEA_STATS,Quantifying uncertainty in nuclear analytical measurements,International Atomic Energy Agency,2004,report,,,,,,,https://pub.iaea.org/MTCD/Publications/PDF/te_1401_web.pdf,"[45]	International Atomic Energy Agency, “Quantifying uncertainty in nuclear analytical measurements,” Vienna, Austria, IAEA-TECDOC-1401, Jul. 2004. Accessed: Sep. 16, 2026. [Online]. Available: https://pub.iaea.org/MTCD/Publications/PDF/te_1401_web.pdf"
46,ENG_UVI,Global Solar UV Index: A Practical Guide,World Health Organization,2002,manual,,,,,,,https://www.who.int/publications/i/item/9241590076,"[46]	World Health Organization. Global Solar UV Index: A Practical Guide. (2002). Accessed: Sep. 16, 2026. [Online]. Available: https://www.who.int/publications/i/item/9241590076"
47,ENG_NEO6,NEO-6: u-blox 6 GPS Modules Data Sheet,u-blox AG,2011,manual,,,,,,,https://content.u-blox.com/sites/default/files/products/documents/NEO-6_DataSheet_(GPS.G6-HW-09005).pdf,"[47]	u-blox AG. NEO-6: u-blox 6 GPS Modules Data Sheet, GPS.G6-HW-09005-E. (Dec. 5, 2011). Accessed: Sep. 16, 2026. [Online]. Available: https://content.u-blox.com/sites/default/files/products/documents/NEO-6_DataSheet_(GPS.G6-HW-09005).pdf"
48,ENG_ESP32,ESP32 Series Datasheet,Espressif Systems,2026,manual,,,,,,,https://www.espressif.com/sites/default/files/documentation/esp32_datasheet_en.pdf,"[48]	Espressif Systems. ESP32 Series Datasheet, ver. 5.3. (Jul. 2026). Accessed: Sep. 16, 2026. [Online]. Available: https://www.espressif.com/sites/default/files/documentation/esp32_datasheet_en.pdf"
49,ENG_CAMERA,ESP32 camera driver,Espressif Systems,,software,,,,,,,https://github.com/espressif/esp32-camera,"[49]	Espressif Systems. “ESP32 camera driver.” GitHub. Software. (n.d.). Accessed: Sep. 16, 2026. [Online]. Available: https://github.com/espressif/esp32-camera"
50,ENG_MJPEG,ESP32-CAM_MJPEG2SD,s60sc and contributors,,software,,,,,,,https://github.com/s60sc/ESP32-CAM_MJPEG2SD,"[50]	s60sc and contributors. “ESP32-CAM_MJPEG2SD.” GitHub. Software. (n.d.). Accessed: Sep. 16, 2026. [Online]. Available: https://github.com/s60sc/ESP32-CAM_MJPEG2SD"
51,ENG_SCALED,Scaled-YOLOv4: Scaling cross stage partial network,Chien-Yao Wang; Alexey Bochkovskiy; Hong-Yuan Mark Liao,2021,conference,,,,13024-13033,,10.1109/CVPR46437.2021.01283,https://openaccess.thecvf.com/content/CVPR2021/html/Wang_Scaled-YOLOv4_Scaling_Cross_Stage_Partial_Network_CVPR_2021_paper.html,"[51]	C.-Y. Wang, A. Bochkovskiy, and H.-Y. M. Liao, “Scaled-YOLOv4: Scaling cross stage partial network,” in Proc. IEEE/CVF Conf. Comput. Vis. Pattern Recognit. (CVPR), Jun. 2021, pp. 13024–13033, doi: 10.1109/CVPR46437.2021.01283."
52,ENG_COCO,COCO object-detection evaluation implementation (cocoeval.py),Piotr Dollár; Tsung-Yi Lin,2015,software,,,,,,,https://github.com/cocodataset/cocoapi/blob/master/PythonAPI/pycocotools/cocoeval.py,"[52]	P. Dollár and T.-Y. Lin. “COCO object-detection evaluation implementation (cocoeval.py).” GitHub. Software, ver. 2.0. 2015. Accessed: Sep. 16, 2026. [Online]. Available: https://github.com/cocodataset/cocoapi/blob/master/PythonAPI/pycocotools/cocoeval.py"
53,ENG_QUANT,Quantization and training of neural networks for efficient integer-arithmetic-only inference,Benoit Jacob; Skirmantas Kligys; Bo Chen; Menglong Zhu; Matthew Tang; Andrew Howard; Hartwig Adam; Dmitry Kalenichenko,2018,conference,,,,2704-2713,,10.1109/CVPR.2018.00286,https://openaccess.thecvf.com/content_cvpr_2018/html/Jacob_Quantization_and_Training_CVPR_2018_paper.html,"[53]	B. Jacob et al., “Quantization and training of neural networks for efficient integer-arithmetic-only inference,” in Proc. IEEE Conf. Comput. Vis. Pattern Recognit. (CVPR), Jun. 2018, pp. 2704–2713, doi: 10.1109/CVPR.2018.00286."
54,ENG_ONNX,Quantize ONNX models,Microsoft,,website,,,,,,,https://onnxruntime.ai/docs/performance/model-optimizations/quantization.html,"[54]	Microsoft. “Quantize ONNX models.” ONNX Runtime documentation. (n.d.). Accessed: Sep. 16, 2026. [Online]. Available: https://onnxruntime.ai/docs/performance/model-optimizations/quantization.html"
55,ENG_MOBILENETV3,Searching for MobileNetV3,Andrew Howard; Mark Sandler; Grace Chu; Liang-Chieh Chen; Bo Chen; Mingxing Tan; Weijun Wang; Yukun Zhu; Ruoming Pang; Vijay Vasudevan; Quoc V. Le; Hartwig Adam,2019,conference,Proceedings of the IEEE/CVF International Conference on Computer Vision (ICCV),,,1314-1324,,10.1109/ICCV.2019.00140,https://openaccess.thecvf.com/content_ICCV_2019/html/Howard_Searching_for_MobileNetV3_ICCV_2019_paper.html,"[55]	A. Howard et al., “Searching for MobileNetV3,” in Proc. IEEE/CVF Int. Conf. Comput. Vis. (ICCV), Oct. 2019, pp. 1314–1324, doi: 10.1109/ICCV.2019.00140."
56,ENG_SSD,SSD: Single shot MultiBox detector,Wei Liu; Dragomir Anguelov; Dumitru Erhan; Christian Szegedy; Scott Reed; Cheng-Yang Fu; Alexander C. Berg,2016,chapter,Computer Vision - ECCV 2016,9905,,21-37,,10.1007/978-3-319-46448-0_2,https://link.springer.com/chapter/10.1007/978-3-319-46448-0_2,"[56]	W. Liu et al., “SSD: Single shot MultiBox detector,” in Computer Vision - ECCV 2016 (Lecture Notes Comput. Sci., vol. 9905). Cham, Switzerland: Springer, 2016, pp. 21–37, doi: 10.1007/978-3-319-46448-0_2."
57,ENG_TEMPERATURECAL,On calibration of modern neural networks,Chuan Guo; Geoff Pleiss; Yu Sun; Kilian Q. Weinberger,2017,conference,Proceedings of the 34th International Conference on Machine Learning,70,,1321-1330,,,https://proceedings.mlr.press/v70/guo17a.html,"[57]	C. Guo, G. Pleiss, Y. Sun, and K. Q. Weinberger, “On calibration of modern neural networks,” in Proc. 34th Int. Conf. Mach. Learn. (ICML) (Proc. Mach. Learn. Res., vol. 70), 2017, pp. 1321–1330. Accessed: Sep. 16, 2026. [Online]. Available: https://proceedings.mlr.press/v70/guo17a.html"
58,ENG_RANDOMFOREST,Random forests,Leo Breiman,2001,journal,Machine Learning,45,,5-32,,10.1023/A:1010933404324,https://link.springer.com/article/10.1023/A:1010933404324,"[58]	L. Breiman, “Random forests,” Mach. Learn., vol. 45, pp. 5–32, Oct. 2001, doi: 10.1023/A:1010933404324."
59,ENG_BINOM,Exact binomial confidence limits,National Institute of Standards and Technology,2010,website,,,,,,,https://itl.nist.gov/div898/software/dataplot/refman2/auxillar/exacbici.htm,"[59]	National Institute of Standards and Technology. “Exact binomial confidence limits.” NIST Dataplot. Oct. 5, 2010. Accessed: Sep. 16, 2026. [Online]. Available: https://itl.nist.gov/div898/software/dataplot/refman2/auxillar/exacbici.htm"
