boundary,angle_rad,forward_m,vertical_m,status
outer,0.0,0.41000000000000003,0.0,UNCONSTRAINED_geometric_scenario
outer,0.017453292519943295,0.40993755501412044,0.00715548663928624,UNCONSTRAINED_geometric_scenario
outer,0.03490658503988659,0.4097502390778293,0.0143087936480254,UNCONSTRAINED_geometric_scenario
outer,0.05235987755982989,0.4094381092493753,0.021457742059606974,UNCONSTRAINED_geometric_scenario
outer,0.06981317007977318,0.40900126060652797,0.028600154235091376,UNCONSTRAINED_geometric_scenario
outer,0.08726646259971647,0.4084398262176157,0.03573385452653985,UNCONSTRAINED_geometric_scenario
outer,0.10471975511965978,0.4077539771009921,0.042856669939737926,UNCONSTRAINED_geometric_scenario
outer,0.12217304763960307,0.40694392217294206,0.04996643079611047,UNCONSTRAINED_geometric_scenario
outer,0.13962634015954636,0.40600990818404387,0.057060971393626835,UNCONSTRAINED_geometric_scenario
outer,0.15707963267948966,0.4049522196440065,0.06413813066649467,UNCONSTRAINED_geometric_scenario
outer,0.17453292519943295,0.40377117873500534,0.07119575284344144,UNCONSTRAINED_geometric_scenario
outer,0.19198621771937624,0.40246714521354227,0.07823168810438337,UNCONSTRAINED_geometric_scenario
outer,0.20943951023931956,0.40104051630086035,0.08524379323528133,UNCONSTRAINED_geometric_scenario
outer,0.22689280275926285,0.3994917265619465,0.09222993228098465,UNCONSTRAINED_geometric_scenario
outer,0.24434609527920614,0.3978212477731586,0.09918797719586378,UNCONSTRAINED_geometric_scenario
outer,0.2617993877991494,0.396029588778518,0.10611580849203352,UNCONSTRAINED_geometric_scenario
outer,0.2792526803190927,0.3941172953347108,0.11301131588496967,UNCONSTRAINED_geometric_scenario
outer,0.29670597283903605,0.39208494994484455,0.11987239893632208,UNCONSTRAINED_geometric_scenario
outer,0.3141592653589793,0.389933171681013,0.12669696769372843,UNCONSTRAINED_geometric_scenario
outer,0.33161255787892263,0.38766261599571994,0.13348294332743427,UNCONSTRAINED_geometric_scenario
outer,0.3490658503988659,0.3852739745222225,0.14022825876352418,UNCONSTRAINED_geometric_scenario
outer,0.3665191429188092,0.3827679748638527,0.1469308593135731,UNCONSTRAINED_geometric_scenario
outer,0.3839724354387525,0.3801453803723829,0.15358870330052393,UNCONSTRAINED_geometric_scenario
outer,0.4014257279586958,0.3774069899155006,0.16019976268060226,UNCONSTRAINED_geometric_scenario
outer,0.4188790204786391,0.3745536376334664,0.1667620236610781,UNCONSTRAINED_geometric_scenario
outer,0.4363323129985824,0.3715861926850265,0.17327348731368677,UNCONSTRAINED_geometric_scenario
outer,0.4537856055185257,0.3685055589826585,0.17973217018352175,UNCONSTRAINED_geometric_scenario
outer,0.47123889803846897,0.36531267491723085,0.1861361048932142,UNCONSTRAINED_geometric_scenario
outer,0.4886921905584123,0.3620085130721601,0.19248334074221524,UNCONSTRAINED_geometric_scenario
outer,0.5061454830783556,0.35859407992715225,0.1987719443009982,UNCONSTRAINED_geometric_scenario
outer,0.5235987755982988,0.3550704155516199,0.205,UNCONSTRAINED_geometric_scenario
outer,0.5410520681182421,0.3514385932878661,0.21116561071312223,UNCONSTRAINED_geometric_scenario
outer,0.5585053606381855,0.3476997194241347,0.21726689833561402,UNCONSTRAINED_geometric_scenario
outer,0.5759586531581288,0.34385493285762386,0.22330200435616113,UNCONSTRAINED_geometric_scenario
outer,0.5934119456780721,0.33990540474756714,0.22926909042300625,UNCONSTRAINED_geometric_scenario
outer,0.6108652381980153,0.33585233815848664,0.2351663389039289,UNCONSTRAINED_geometric_scenario
outer,0.6283185307179586,0.3316969676937285,0.240991953439914,UNCONSTRAINED_geometric_scenario
outer,0.6457718232379019,0.3274405591193901,0.2467441594923398,UNCONSTRAINED_geometric_scenario
outer,0.6632251157578453,0.323084408978756,0.25242120488351993,UNCONSTRAINED_geometric_scenario
outer,0.6806784082777885,0.31862984419735807,0.2580213603304333,UNCONSTRAINED_geometric_scenario
outer,0.6981317007977318,0.314078221678781,0.2635429199714811,UNCONSTRAINED_geometric_scenario
outer,0.7155849933176751,0.3094309278913365,0.268984201886108,UNCONSTRAINED_geometric_scenario
outer,0.7330382858376184,0.3046893784457317,0.2743435486071319,UNCONSTRAINED_geometric_scenario
outer,0.7504915783575618,0.2998550176638599,0.2796193276256244,UNCONSTRAINED_geometric_scenario
outer,0.767944870877505,0.294929318138847,0.28480993188818887,UNCONSTRAINED_geometric_scenario
outer,0.7853981633974483,0.2899137802864845,0.2899137802864845,UNCONSTRAINED_geometric_scenario
outer,0.8028514559173916,0.28480993188818887,0.294929318138847,UNCONSTRAINED_geometric_scenario
outer,0.8203047484373349,0.2796193276256244,0.2998550176638599,UNCONSTRAINED_geometric_scenario
outer,0.8377580409572782,0.2743435486071319,0.3046893784457317,UNCONSTRAINED_geometric_scenario
outer,0.8552113334772214,0.268984201886108,0.3094309278913365,UNCONSTRAINED_geometric_scenario
outer,0.8726646259971648,0.26354291997148116,0.314078221678781,UNCONSTRAINED_geometric_scenario
outer,0.8901179185171081,0.2580213603304334,0.31862984419735807,UNCONSTRAINED_geometric_scenario
outer,0.9075712110370514,0.25242120488351993,0.32308440897875607,UNCONSTRAINED_geometric_scenario
outer,0.9250245035569946,0.24674415949233985,0.3274405591193901,UNCONSTRAINED_geometric_scenario
outer,0.9424777960769379,0.240991953439914,0.3316969676937285,UNCONSTRAINED_geometric_scenario
outer,0.9599310885968813,0.2351663389039289,0.33585233815848664,UNCONSTRAINED_geometric_scenario
outer,0.9773843811168246,0.2292690904230062,0.33990540474756714,UNCONSTRAINED_geometric_scenario
outer,0.9948376736367679,0.22330200435616113,0.34385493285762386,UNCONSTRAINED_geometric_scenario
outer,1.0122909661567112,0.21726689833561402,0.3476997194241347,UNCONSTRAINED_geometric_scenario
outer,1.0297442586766545,0.21116561071312223,0.3514385932878661,UNCONSTRAINED_geometric_scenario
outer,1.0471975511965976,0.20500000000000007,0.35507041555161983,UNCONSTRAINED_geometric_scenario
outer,1.064650843716541,0.19877194430099823,0.35859407992715225,UNCONSTRAINED_geometric_scenario
outer,1.0821041362364843,0.19248334074221526,0.36200851307216003,UNCONSTRAINED_geometric_scenario
outer,1.0995574287564276,0.1861361048932142,0.3653126749172308,UNCONSTRAINED_geometric_scenario
outer,1.117010721276371,0.17973217018352178,0.3685055589826585,UNCONSTRAINED_geometric_scenario
outer,1.1344640137963142,0.17327348731368677,0.3715861926850265,UNCONSTRAINED_geometric_scenario
outer,1.1519173063162575,0.1667620236610781,0.3745536376334664,UNCONSTRAINED_geometric_scenario
outer,1.1693705988362009,0.16019976268060224,0.3774069899155006,UNCONSTRAINED_geometric_scenario
outer,1.1868238913561442,0.1535887033005239,0.3801453803723829,UNCONSTRAINED_geometric_scenario
outer,1.2042771838760873,0.14693085931357316,0.3827679748638527,UNCONSTRAINED_geometric_scenario
outer,1.2217304763960306,0.14022825876352424,0.38527397452222245,UNCONSTRAINED_geometric_scenario
outer,1.239183768915974,0.13348294332743427,0.3876626159957199,UNCONSTRAINED_geometric_scenario
outer,1.2566370614359172,0.12669696769372846,0.389933171681013,UNCONSTRAINED_geometric_scenario
outer,1.2740903539558606,0.11987239893632208,0.39208494994484455,UNCONSTRAINED_geometric_scenario
outer,1.2915436464758039,0.11301131588496967,0.3941172953347108,UNCONSTRAINED_geometric_scenario
outer,1.3089969389957472,0.10611580849203352,0.396029588778518,UNCONSTRAINED_geometric_scenario
outer,1.3264502315156905,0.09918797719586375,0.3978212477731586,UNCONSTRAINED_geometric_scenario
outer,1.3439035240356338,0.09222993228098463,0.3994917265619465,UNCONSTRAINED_geometric_scenario
outer,1.361356816555577,0.08524379323528138,0.4010405163008603,UNCONSTRAINED_geometric_scenario
outer,1.3788101090755203,0.07823168810438343,0.40246714521354227,UNCONSTRAINED_geometric_scenario
outer,1.3962634015954636,0.07119575284344147,0.40377117873500534,UNCONSTRAINED_geometric_scenario
outer,1.413716694115407,0.06413813066649468,0.4049522196440065,UNCONSTRAINED_geometric_scenario
outer,1.4311699866353502,0.05706097139362685,0.40600990818404387,UNCONSTRAINED_geometric_scenario
outer,1.4486232791552935,0.049966430796110475,0.40694392217294206,UNCONSTRAINED_geometric_scenario
outer,1.4660765716752369,0.04285666993973792,0.4077539771009921,UNCONSTRAINED_geometric_scenario
outer,1.4835298641951802,0.03573385452653984,0.4084398262176157,UNCONSTRAINED_geometric_scenario
outer,1.5009831567151235,0.02860015423509135,0.40900126060652797,UNCONSTRAINED_geometric_scenario
outer,1.5184364492350666,0.02145774205960703,0.4094381092493753,UNCONSTRAINED_geometric_scenario
outer,1.53588974175501,0.014308793648025444,0.4097502390778293,UNCONSTRAINED_geometric_scenario
outer,1.5533430342749532,0.007155486639286276,0.40993755501412044,UNCONSTRAINED_geometric_scenario
outer,1.5707963267948966,2.5105259382520744e-17,0.41000000000000003,UNCONSTRAINED_geometric_scenario
outer,1.5882496193148399,-0.007155486639286226,0.40993755501412044,UNCONSTRAINED_geometric_scenario
outer,1.6057029118347832,-0.014308793648025392,0.4097502390778293,UNCONSTRAINED_geometric_scenario
outer,1.6231562043547265,-0.021457742059606977,0.4094381092493753,UNCONSTRAINED_geometric_scenario
outer,1.6406094968746698,-0.028600154235091386,0.40900126060652797,UNCONSTRAINED_geometric_scenario
outer,1.6580627893946132,-0.03573385452653988,0.4084398262176157,UNCONSTRAINED_geometric_scenario
outer,1.6755160819145565,-0.04285666993973796,0.4077539771009921,UNCONSTRAINED_geometric_scenario
outer,1.6929693744344996,-0.04996643079611043,0.40694392217294206,UNCONSTRAINED_geometric_scenario
outer,1.710422666954443,-0.0570609713936268,0.40600990818404387,UNCONSTRAINED_geometric_scenario
outer,1.7278759594743862,-0.06413813066649464,0.4049522196440065,UNCONSTRAINED_geometric_scenario
outer,1.7453292519943295,-0.07119575284344143,0.40377117873500534,UNCONSTRAINED_geometric_scenario
outer,1.7627825445142729,-0.07823168810438337,0.40246714521354227,UNCONSTRAINED_geometric_scenario
outer,1.7802358370342162,-0.08524379323528133,0.40104051630086035,UNCONSTRAINED_geometric_scenario
outer,1.7976891295541595,-0.09222993228098467,0.3994917265619465,UNCONSTRAINED_geometric_scenario
outer,1.8151424220741028,-0.0991879771958638,0.3978212477731586,UNCONSTRAINED_geometric_scenario
outer,1.8325957145940461,-0.10611580849203356,0.396029588778518,UNCONSTRAINED_geometric_scenario
outer,1.8500490071139892,-0.11301131588496963,0.3941172953347108,UNCONSTRAINED_geometric_scenario
outer,1.8675022996339325,-0.11987239893632204,0.3920849499448446,UNCONSTRAINED_geometric_scenario
outer,1.8849555921538759,-0.12669696769372843,0.38993317168101305,UNCONSTRAINED_geometric_scenario
outer,1.9024088846738192,-0.13348294332743424,0.38766261599571994,UNCONSTRAINED_geometric_scenario
outer,1.9198621771937625,-0.14022825876352418,0.3852739745222225,UNCONSTRAINED_geometric_scenario
outer,1.9373154697137058,-0.1469308593135731,0.3827679748638527,UNCONSTRAINED_geometric_scenario
outer,1.9547687622336491,-0.15358870330052396,0.3801453803723829,UNCONSTRAINED_geometric_scenario
outer,1.9722220547535925,-0.1601997626806023,0.37740698991550053,UNCONSTRAINED_geometric_scenario
outer,1.9896753472735358,-0.16676202366107812,0.3745536376334664,UNCONSTRAINED_geometric_scenario
outer,2.007128639793479,-0.17327348731368675,0.3715861926850266,UNCONSTRAINED_geometric_scenario
outer,2.0245819323134224,-0.1797321701835218,0.36850555898265847,UNCONSTRAINED_geometric_scenario
outer,2.0420352248333655,-0.1861361048932142,0.36531267491723085,UNCONSTRAINED_geometric_scenario
outer,2.059488517353309,-0.1924833407422153,0.36200851307216003,UNCONSTRAINED_geometric_scenario
outer,2.076941809873252,-0.19877194430099818,0.3585940799271523,UNCONSTRAINED_geometric_scenario
outer,2.0943951023931953,-0.20499999999999993,0.3550704155516199,UNCONSTRAINED_geometric_scenario
outer,2.111848394913139,-0.21116561071312226,0.3514385932878661,UNCONSTRAINED_geometric_scenario
outer,2.129301687433082,-0.21726689833561397,0.3476997194241347,UNCONSTRAINED_geometric_scenario
outer,2.1467549799530254,-0.22330200435616113,0.34385493285762386,UNCONSTRAINED_geometric_scenario
outer,2.1642082724729685,-0.22926909042300617,0.33990540474756714,UNCONSTRAINED_geometric_scenario
outer,2.181661564992912,-0.23516633890392893,0.33585233815848664,UNCONSTRAINED_geometric_scenario
outer,2.199114857512855,-0.24099195343991395,0.3316969676937285,UNCONSTRAINED_geometric_scenario
outer,2.2165681500327987,-0.24674415949233985,0.32744055911939,UNCONSTRAINED_geometric_scenario
outer,2.234021442552742,-0.25242120488351993,0.32308440897875607,UNCONSTRAINED_geometric_scenario
outer,2.251474735072685,-0.2580213603304333,0.3186298441973581,UNCONSTRAINED_geometric_scenario
outer,2.2689280275926285,-0.26354291997148116,0.314078221678781,UNCONSTRAINED_geometric_scenario
outer,2.2863813201125716,-0.26898420188610794,0.3094309278913366,UNCONSTRAINED_geometric_scenario
outer,2.303834612632515,-0.2743435486071319,0.3046893784457317,UNCONSTRAINED_geometric_scenario
outer,2.321287905152458,-0.27961932762562436,0.29985501766385997,UNCONSTRAINED_geometric_scenario
outer,2.3387411976724017,-0.2848099318881889,0.294929318138847,UNCONSTRAINED_geometric_scenario
outer,2.356194490192345,-0.28991378028648446,0.2899137802864845,UNCONSTRAINED_geometric_scenario
outer,2.3736477827122884,-0.29492931813884704,0.28480993188818887,UNCONSTRAINED_geometric_scenario
outer,2.3911010752322315,-0.2998550176638599,0.2796193276256244,UNCONSTRAINED_geometric_scenario
outer,2.4085543677521746,-0.30468937844573163,0.27434354860713195,UNCONSTRAINED_geometric_scenario
outer,2.426007660272118,-0.3094309278913365,0.268984201886108,UNCONSTRAINED_geometric_scenario
outer,2.443460952792061,-0.31407822167878097,0.2635429199714812,UNCONSTRAINED_geometric_scenario
outer,2.4609142453120048,-0.31862984419735807,0.2580213603304333,UNCONSTRAINED_geometric_scenario
outer,2.478367537831948,-0.323084408978756,0.25242120488352,UNCONSTRAINED_geometric_scenario
outer,2.4958208303518914,-0.32744055911939013,0.24674415949233977,UNCONSTRAINED_geometric_scenario
outer,2.5132741228718345,-0.3316969676937284,0.24099195343991406,UNCONSTRAINED_geometric_scenario
outer,2.530727415391778,-0.3358523381584867,0.23516633890392885,UNCONSTRAINED_geometric_scenario
outer,2.548180707911721,-0.3399054047475671,0.22926909042300625,UNCONSTRAINED_geometric_scenario
outer,2.5656340004316642,-0.34385493285762386,0.2233020043561612,UNCONSTRAINED_geometric_scenario
outer,2.5830872929516078,-0.3476997194241347,0.21726689833561402,UNCONSTRAINED_geometric_scenario
outer,2.600540585471551,-0.35143859328786603,0.21116561071312231,UNCONSTRAINED_geometric_scenario
outer,2.6179938779914944,-0.3550704155516199,0.205,UNCONSTRAINED_geometric_scenario
outer,2.6354471705114375,-0.35859407992715225,0.19877194430099826,UNCONSTRAINED_geometric_scenario
outer,2.652900463031381,-0.3620085130721601,0.1924833407422152,UNCONSTRAINED_geometric_scenario
outer,2.670353755551324,-0.3653126749172308,0.18613610489321422,UNCONSTRAINED_geometric_scenario
outer,2.6878070480712677,-0.3685055589826585,0.1797321701835217,UNCONSTRAINED_geometric_scenario
outer,2.705260340591211,-0.3715861926850265,0.1732734873136868,UNCONSTRAINED_geometric_scenario
outer,2.722713633111154,-0.37455363763346633,0.1667620236610782,UNCONSTRAINED_geometric_scenario
outer,2.7401669256310974,-0.3774069899155006,0.16019976268060226,UNCONSTRAINED_geometric_scenario
outer,2.7576202181510405,-0.3801453803723828,0.15358870330052402,UNCONSTRAINED_geometric_scenario
outer,2.775073510670984,-0.3827679748638527,0.1469308593135731,UNCONSTRAINED_geometric_scenario
outer,2.792526803190927,-0.38527397452222245,0.14022825876352424,UNCONSTRAINED_geometric_scenario
outer,2.8099800957108707,-0.38766261599571994,0.1334829433274342,UNCONSTRAINED_geometric_scenario
outer,2.827433388230814,-0.389933171681013,0.12669696769372848,UNCONSTRAINED_geometric_scenario
outer,2.8448866807507573,-0.3920849499448446,0.11987239893632201,UNCONSTRAINED_geometric_scenario
outer,2.8623399732707004,-0.3941172953347108,0.11301131588496968,UNCONSTRAINED_geometric_scenario
outer,2.8797932657906435,-0.396029588778518,0.10611580849203363,UNCONSTRAINED_geometric_scenario
outer,2.897246558310587,-0.3978212477731586,0.09918797719586378,UNCONSTRAINED_geometric_scenario
outer,2.91469985083053,-0.3994917265619464,0.09222993228098474,UNCONSTRAINED_geometric_scenario
outer,2.9321531433504737,-0.40104051630086035,0.08524379323528132,UNCONSTRAINED_geometric_scenario
outer,2.949606435870417,-0.40246714521354227,0.07823168810438344,UNCONSTRAINED_geometric_scenario
outer,2.9670597283903604,-0.40377117873500534,0.07119575284344141,UNCONSTRAINED_geometric_scenario
outer,2.9845130209103035,-0.40495221964400646,0.06413813066649471,UNCONSTRAINED_geometric_scenario
outer,3.001966313430247,-0.40600990818404387,0.057060971393626786,UNCONSTRAINED_geometric_scenario
outer,3.01941960595019,-0.40694392217294206,0.049966430796110496,UNCONSTRAINED_geometric_scenario
outer,3.036872898470133,-0.4077539771009921,0.04285666993973804,UNCONSTRAINED_geometric_scenario
outer,3.0543261909900767,-0.4084398262176157,0.03573385452653986,UNCONSTRAINED_geometric_scenario
outer,3.07177948351002,-0.40900126060652797,0.028600154235091466,UNCONSTRAINED_geometric_scenario
outer,3.0892327760299634,-0.4094381092493753,0.021457742059606964,UNCONSTRAINED_geometric_scenario
outer,3.1066860685499065,-0.4097502390778293,0.01430879364802547,UNCONSTRAINED_geometric_scenario
outer,3.12413936106985,-0.40993755501412044,0.007155486639286211,UNCONSTRAINED_geometric_scenario
outer,3.141592653589793,-0.41000000000000003,5.021051876504149e-17,UNCONSTRAINED_geometric_scenario
outer,3.1590459461097367,-0.40993755501412044,-0.007155486639286291,UNCONSTRAINED_geometric_scenario
outer,3.1764992386296798,-0.4097502390778293,-0.01430879364802537,UNCONSTRAINED_geometric_scenario
outer,3.193952531149623,-0.4094381092493753,-0.021457742059606863,UNCONSTRAINED_geometric_scenario
outer,3.2114058236695664,-0.40900126060652797,-0.028600154235091366,UNCONSTRAINED_geometric_scenario
outer,3.2288591161895095,-0.4084398262176157,-0.03573385452653976,UNCONSTRAINED_geometric_scenario
outer,3.246312408709453,-0.4077539771009921,-0.04285666993973794,UNCONSTRAINED_geometric_scenario
outer,3.263765701229396,-0.40694392217294206,-0.0499664307961104,UNCONSTRAINED_geometric_scenario
outer,3.2812189937493397,-0.4060099081840438,-0.05706097139362687,UNCONSTRAINED_geometric_scenario
outer,3.2986722862692828,-0.4049522196440065,-0.06413813066649461,UNCONSTRAINED_geometric_scenario
outer,3.3161255787892263,-0.40377117873500534,-0.0711957528434415,UNCONSTRAINED_geometric_scenario
outer,3.3335788713091694,-0.40246714521354227,-0.07823168810438334,UNCONSTRAINED_geometric_scenario
outer,3.351032163829113,-0.4010405163008603,-0.0852437932352814,UNCONSTRAINED_geometric_scenario
outer,3.368485456349056,-0.3994917265619465,-0.09222993228098465,UNCONSTRAINED_geometric_scenario
outer,3.385938748868999,-0.3978212477731586,-0.09918797719586368,UNCONSTRAINED_geometric_scenario
outer,3.4033920413889427,-0.396029588778518,-0.10611580849203353,UNCONSTRAINED_geometric_scenario
outer,3.420845333908886,-0.3941172953347108,-0.1130113158849696,UNCONSTRAINED_geometric_scenario
outer,3.4382986264288293,-0.39208494994484455,-0.11987239893632208,UNCONSTRAINED_geometric_scenario
outer,3.4557519189487724,-0.38993317168101305,-0.1266969676937284,UNCONSTRAINED_geometric_scenario
outer,3.473205211468716,-0.3876626159957199,-0.13348294332743427,UNCONSTRAINED_geometric_scenario
outer,3.490658503988659,-0.3852739745222225,-0.14022825876352416,UNCONSTRAINED_geometric_scenario
outer,3.5081117965086026,-0.3827679748638527,-0.1469308593135732,UNCONSTRAINED_geometric_scenario
outer,3.5255650890285457,-0.3801453803723829,-0.15358870330052393,UNCONSTRAINED_geometric_scenario
outer,3.543018381548489,-0.3774069899155006,-0.16019976268060215,UNCONSTRAINED_geometric_scenario
outer,3.5604716740684323,-0.3745536376334664,-0.1667620236610781,UNCONSTRAINED_geometric_scenario
outer,3.5779249665883754,-0.3715861926850266,-0.17327348731368672,UNCONSTRAINED_geometric_scenario
outer,3.595378259108319,-0.36850555898265847,-0.17973217018352178,UNCONSTRAINED_geometric_scenario
outer,3.612831551628262,-0.36531267491723085,-0.18613610489321414,UNCONSTRAINED_geometric_scenario
outer,3.6302848441482056,-0.36200851307216003,-0.19248334074221526,UNCONSTRAINED_geometric_scenario
outer,3.6477381366681487,-0.3585940799271523,-0.19877194430099818,UNCONSTRAINED_geometric_scenario
outer,3.6651914291880923,-0.35507041555161983,-0.20500000000000007,UNCONSTRAINED_geometric_scenario
outer,3.6826447217080354,-0.3514385932878661,-0.21116561071312223,UNCONSTRAINED_geometric_scenario
outer,3.7000980142279785,-0.3476997194241347,-0.21726689833561397,UNCONSTRAINED_geometric_scenario
outer,3.717551306747922,-0.34385493285762386,-0.22330200435616113,UNCONSTRAINED_geometric_scenario
outer,3.735004599267865,-0.33990540474756714,-0.22926909042300617,UNCONSTRAINED_geometric_scenario
outer,3.7524578917878086,-0.33585233815848664,-0.23516633890392893,UNCONSTRAINED_geometric_scenario
outer,3.7699111843077517,-0.3316969676937285,-0.24099195343991395,UNCONSTRAINED_geometric_scenario
outer,3.7873644768276953,-0.3274405591193901,-0.24674415949233985,UNCONSTRAINED_geometric_scenario
outer,3.8048177693476384,-0.32308440897875607,-0.2524212048835199,UNCONSTRAINED_geometric_scenario
outer,3.822271061867582,-0.31862984419735807,-0.25802136033043344,UNCONSTRAINED_geometric_scenario
outer,3.839724354387525,-0.314078221678781,-0.2635429199714811,UNCONSTRAINED_geometric_scenario
outer,3.857177646907468,-0.3094309278913366,-0.2689842018861079,UNCONSTRAINED_geometric_scenario
outer,3.8746309394274117,-0.3046893784457317,-0.2743435486071319,UNCONSTRAINED_geometric_scenario
outer,3.8920842319473548,-0.29985501766385997,-0.27961932762562436,UNCONSTRAINED_geometric_scenario
outer,3.9095375244672983,-0.294929318138847,-0.28480993188818887,UNCONSTRAINED_geometric_scenario
outer,3.9269908169872414,-0.28991378028648457,-0.28991378028648446,UNCONSTRAINED_geometric_scenario
outer,3.944444109507185,-0.28480993188818887,-0.294929318138847,UNCONSTRAINED_geometric_scenario
outer,3.961897402027128,-0.27961932762562447,-0.2998550176638599,UNCONSTRAINED_geometric_scenario
outer,3.9793506945470716,-0.27434354860713184,-0.3046893784457317,UNCONSTRAINED_geometric_scenario
outer,3.9968039870670147,-0.268984201886108,-0.3094309278913365,UNCONSTRAINED_geometric_scenario
outer,4.014257279586958,-0.2635429199714812,-0.31407822167878097,UNCONSTRAINED_geometric_scenario
outer,4.031710572106901,-0.25802136033043355,-0.31862984419735796,UNCONSTRAINED_geometric_scenario
outer,4.049163864626845,-0.2524212048835198,-0.3230844089787561,UNCONSTRAINED_geometric_scenario
outer,4.066617157146788,-0.2467441594923398,-0.3274405591193901,UNCONSTRAINED_geometric_scenario
outer,4.084070449666731,-0.24099195343991406,-0.3316969676937284,UNCONSTRAINED_geometric_scenario
outer,4.101523742186674,-0.23516633890392905,-0.3358523381584866,UNCONSTRAINED_geometric_scenario
outer,4.118977034706618,-0.2292690904230061,-0.3399054047475672,UNCONSTRAINED_geometric_scenario
outer,4.136430327226561,-0.22330200435616107,-0.3438549328576239,UNCONSTRAINED_geometric_scenario
outer,4.153883619746504,-0.21726689833561408,-0.3476997194241347,UNCONSTRAINED_geometric_scenario
outer,4.171336912266447,-0.21116561071312231,-0.351438593287866,UNCONSTRAINED_geometric_scenario
outer,4.1887902047863905,-0.2050000000000002,-0.35507041555161983,UNCONSTRAINED_geometric_scenario
outer,4.2062434973063345,-0.19877194430099812,-0.3585940799271523,UNCONSTRAINED_geometric_scenario
outer,4.223696789826278,-0.1924833407422152,-0.3620085130721601,UNCONSTRAINED_geometric_scenario
outer,4.241150082346221,-0.18613610489321425,-0.3653126749172308,UNCONSTRAINED_geometric_scenario
outer,4.258603374866164,-0.1797321701835219,-0.3685055589826584,UNCONSTRAINED_geometric_scenario
outer,4.276056667386108,-0.17327348731368666,-0.3715861926850266,UNCONSTRAINED_geometric_scenario
outer,4.293509959906051,-0.16676202366107806,-0.37455363763346644,UNCONSTRAINED_geometric_scenario
outer,4.310963252425994,-0.1601997626806023,-0.37740698991550053,UNCONSTRAINED_geometric_scenario
outer,4.328416544945937,-0.15358870330052404,-0.3801453803723828,UNCONSTRAINED_geometric_scenario
outer,4.34586983746588,-0.1469308593135733,-0.3827679748638527,UNCONSTRAINED_geometric_scenario
outer,4.363323129985824,-0.14022825876352413,-0.3852739745222225,UNCONSTRAINED_geometric_scenario
outer,4.380776422505767,-0.13348294332743424,-0.38766261599571994,UNCONSTRAINED_geometric_scenario
outer,4.39822971502571,-0.1266969676937285,-0.389933171681013,UNCONSTRAINED_geometric_scenario
outer,4.4156830075456535,-0.11987239893632222,-0.3920849499448445,UNCONSTRAINED_geometric_scenario
outer,4.4331363000655974,-0.11301131588496956,-0.39411729533471085,UNCONSTRAINED_geometric_scenario
outer,4.4505895925855405,-0.10611580849203346,-0.396029588778518,UNCONSTRAINED_geometric_scenario
outer,4.468042885105484,-0.0991879771958638,-0.3978212477731586,UNCONSTRAINED_geometric_scenario
outer,4.485496177625427,-0.09222993228098476,-0.3994917265619464,UNCONSTRAINED_geometric_scenario
outer,4.50294947014537,-0.08524379323528151,-0.4010405163008603,UNCONSTRAINED_geometric_scenario
outer,4.520402762665314,-0.0782316881043833,-0.40246714521354227,UNCONSTRAINED_geometric_scenario
outer,4.537856055185257,-0.07119575284344144,-0.40377117873500534,UNCONSTRAINED_geometric_scenario
outer,4.5553093477052,-0.06413813066649474,-0.40495221964400646,UNCONSTRAINED_geometric_scenario
outer,4.572762640225143,-0.057060971393626994,-0.4060099081840438,UNCONSTRAINED_geometric_scenario
outer,4.590215932745087,-0.049966430796110343,-0.40694392217294206,UNCONSTRAINED_geometric_scenario
outer,4.60766922526503,-0.04285666993973788,-0.40775397710099215,UNCONSTRAINED_geometric_scenario
outer,4.625122517784973,-0.035733854526539884,-0.4084398262176157,UNCONSTRAINED_geometric_scenario
outer,4.642575810304916,-0.02860015423509149,-0.40900126060652797,UNCONSTRAINED_geometric_scenario
outer,4.6600291028248595,-0.02145774205960717,-0.4094381092493753,UNCONSTRAINED_geometric_scenario
outer,4.6774823953448035,-0.014308793648025312,-0.4097502390778293,UNCONSTRAINED_geometric_scenario
outer,4.694935687864747,-0.007155486639286235,-0.40993755501412044,UNCONSTRAINED_geometric_scenario
outer,4.71238898038469,-7.531577814756223e-17,-0.41000000000000003,UNCONSTRAINED_geometric_scenario
outer,4.729842272904633,0.007155486639286084,-0.40993755501412044,UNCONSTRAINED_geometric_scenario
outer,4.747295565424577,0.014308793648025526,-0.4097502390778293,UNCONSTRAINED_geometric_scenario
outer,4.76474885794452,0.02145774205960702,-0.4094381092493753,UNCONSTRAINED_geometric_scenario
outer,4.782202150464463,0.02860015423509134,-0.40900126060652797,UNCONSTRAINED_geometric_scenario
outer,4.799655442984406,0.03573385452653974,-0.4084398262176157,UNCONSTRAINED_geometric_scenario
outer,4.817108735504349,0.042856669939737725,-0.40775397710099215,UNCONSTRAINED_geometric_scenario
outer,4.834562028024293,0.04996643079611055,-0.40694392217294206,UNCONSTRAINED_geometric_scenario
outer,4.852015320544236,0.05706097139362685,-0.40600990818404387,UNCONSTRAINED_geometric_scenario
outer,4.869468613064179,0.06413813066649458,-0.4049522196440065,UNCONSTRAINED_geometric_scenario
outer,4.886921905584122,0.07119575284344129,-0.40377117873500534,UNCONSTRAINED_geometric_scenario
outer,4.904375198104066,0.0782316881043835,-0.4024671452135422,UNCONSTRAINED_geometric_scenario
outer,4.9218284906240095,0.08524379323528138,-0.4010405163008603,UNCONSTRAINED_geometric_scenario
outer,4.939281783143953,0.09222993228098463,-0.3994917265619465,UNCONSTRAINED_geometric_scenario
outer,4.956735075663896,0.09918797719586366,-0.39782124777315864,UNCONSTRAINED_geometric_scenario
outer,4.974188368183839,0.10611580849203332,-0.39602958877851807,UNCONSTRAINED_geometric_scenario
outer,4.991641660703783,0.11301131588496975,-0.39411729533471074,UNCONSTRAINED_geometric_scenario
outer,5.009094953223726,0.11987239893632207,-0.39208494994484455,UNCONSTRAINED_geometric_scenario
outer,5.026548245743669,0.12669696769372837,-0.38993317168101305,UNCONSTRAINED_geometric_scenario
outer,5.044001538263612,0.1334829433274341,-0.38766261599572,UNCONSTRAINED_geometric_scenario
outer,5.061454830783556,0.1402282587635243,-0.38527397452222245,UNCONSTRAINED_geometric_scenario
outer,5.078908123303499,0.14693085931357316,-0.3827679748638527,UNCONSTRAINED_geometric_scenario
outer,5.096361415823442,0.1535887033005239,-0.3801453803723829,UNCONSTRAINED_geometric_scenario
outer,5.113814708343385,0.16019976268060215,-0.37740698991550065,UNCONSTRAINED_geometric_scenario
outer,5.1312680008633285,0.16676202366107792,-0.3745536376334665,UNCONSTRAINED_geometric_scenario
outer,5.1487212933832724,0.17327348731368686,-0.37158619268502646,UNCONSTRAINED_geometric_scenario
outer,5.1661745859032155,0.17973217018352175,-0.3685055589826585,UNCONSTRAINED_geometric_scenario
outer,5.183627878423159,0.18613610489321414,-0.3653126749172309,UNCONSTRAINED_geometric_scenario
outer,5.201081170943102,0.1924833407422151,-0.36200851307216014,UNCONSTRAINED_geometric_scenario
outer,5.218534463463046,0.1987719443009983,-0.35859407992715225,UNCONSTRAINED_geometric_scenario
outer,5.235987755982989,0.20500000000000007,-0.35507041555161983,UNCONSTRAINED_geometric_scenario
outer,5.253441048502932,0.21116561071312223,-0.3514385932878661,UNCONSTRAINED_geometric_scenario
outer,5.270894341022875,0.21726689833561394,-0.3476997194241347,UNCONSTRAINED_geometric_scenario
outer,5.288347633542818,0.22330200435616093,-0.343854932857624,UNCONSTRAINED_geometric_scenario
outer,5.305800926062762,0.2292690904230063,-0.3399054047475671,UNCONSTRAINED_geometric_scenario
outer,5.323254218582705,0.2351663389039289,-0.33585233815848664,UNCONSTRAINED_geometric_scenario
outer,5.340707511102648,0.24099195343991392,-0.33169696769372853,UNCONSTRAINED_geometric_scenario
outer,5.358160803622591,0.24674415949233966,-0.3274405591193902,UNCONSTRAINED_geometric_scenario
outer,5.375614096142535,0.25242120488352,-0.32308440897875595,UNCONSTRAINED_geometric_scenario
outer,5.3930673886624785,0.2580213603304334,-0.31862984419735807,UNCONSTRAINED_geometric_scenario
outer,5.410520681182422,0.2635429199714811,-0.3140782216787811,UNCONSTRAINED_geometric_scenario
outer,5.427973973702365,0.2689842018861079,-0.30943092789133664,UNCONSTRAINED_geometric_scenario
outer,5.445427266222308,0.2743435486071317,-0.3046893784457318,UNCONSTRAINED_geometric_scenario
outer,5.462880558742252,0.27961932762562447,-0.29985501766385986,UNCONSTRAINED_geometric_scenario
outer,5.480333851262195,0.28480993188818887,-0.294929318138847,UNCONSTRAINED_geometric_scenario
outer,5.497787143782138,0.28991378028648446,-0.28991378028648457,UNCONSTRAINED_geometric_scenario
outer,5.515240436302081,0.2949293181388469,-0.28480993188818904,UNCONSTRAINED_geometric_scenario
outer,5.532693728822025,0.29985501766386,-0.2796193276256243,UNCONSTRAINED_geometric_scenario
outer,5.550147021341968,0.3046893784457317,-0.27434354860713184,UNCONSTRAINED_geometric_scenario
outer,5.567600313861911,0.3094309278913365,-0.26898420188610805,UNCONSTRAINED_geometric_scenario
outer,5.585053606381854,0.3140782216787809,-0.26354291997148127,UNCONSTRAINED_geometric_scenario
outer,5.602506898901797,0.31862984419735796,-0.25802136033043355,UNCONSTRAINED_geometric_scenario
outer,5.619960191421741,0.32308440897875607,-0.2524212048835199,UNCONSTRAINED_geometric_scenario
outer,5.6374134839416845,0.3274405591193901,-0.2467441594923398,UNCONSTRAINED_geometric_scenario
outer,5.654866776461628,0.3316969676937284,-0.2409919534399141,UNCONSTRAINED_geometric_scenario
outer,5.672320068981571,0.3358523381584866,-0.23516633890392907,UNCONSTRAINED_geometric_scenario
outer,5.689773361501515,0.3399054047475672,-0.2292690904230061,UNCONSTRAINED_geometric_scenario
outer,5.707226654021458,0.34385493285762386,-0.22330200435616107,UNCONSTRAINED_geometric_scenario
outer,5.724679946541401,0.34769971942413463,-0.21726689833561408,UNCONSTRAINED_geometric_scenario
outer,5.742133239061344,0.351438593287866,-0.21116561071312234,UNCONSTRAINED_geometric_scenario
outer,5.759586531581287,0.3550704155516198,-0.2050000000000002,UNCONSTRAINED_geometric_scenario
outer,5.777039824101231,0.3585940799271523,-0.19877194430099815,UNCONSTRAINED_geometric_scenario
outer,5.794493116621174,0.3620085130721601,-0.19248334074221524,UNCONSTRAINED_geometric_scenario
outer,5.811946409141117,0.3653126749172308,-0.18613610489321428,UNCONSTRAINED_geometric_scenario
outer,5.82939970166106,0.3685055589826584,-0.17973217018352192,UNCONSTRAINED_geometric_scenario
outer,5.846852994181004,0.3715861926850266,-0.1732734873136867,UNCONSTRAINED_geometric_scenario
outer,5.8643062867009474,0.37455363763346644,-0.16676202366107806,UNCONSTRAINED_geometric_scenario
outer,5.8817595792208905,0.37740698991550053,-0.1601997626806023,UNCONSTRAINED_geometric_scenario
outer,5.899212871740834,0.3801453803723828,-0.15358870330052407,UNCONSTRAINED_geometric_scenario
outer,5.916666164260777,0.38276797486385267,-0.14693085931357333,UNCONSTRAINED_geometric_scenario
outer,5.934119456780721,0.3852739745222225,-0.14022825876352413,UNCONSTRAINED_geometric_scenario
outer,5.951572749300664,0.38766261599571994,-0.13348294332743427,UNCONSTRAINED_geometric_scenario
outer,5.969026041820607,0.389933171681013,-0.12669696769372857,UNCONSTRAINED_geometric_scenario
outer,5.98647933434055,0.3920849499448445,-0.11987239893632225,UNCONSTRAINED_geometric_scenario
outer,6.003932626860494,0.3941172953347108,-0.11301131588496957,UNCONSTRAINED_geometric_scenario
outer,6.021385919380437,0.396029588778518,-0.10611580849203349,UNCONSTRAINED_geometric_scenario
outer,6.03883921190038,0.3978212477731586,-0.09918797719586384,UNCONSTRAINED_geometric_scenario
outer,6.056292504420323,0.3994917265619464,-0.09222993228098479,UNCONSTRAINED_geometric_scenario
outer,6.073745796940266,0.4010405163008603,-0.08524379323528156,UNCONSTRAINED_geometric_scenario
outer,6.09119908946021,0.40246714521354227,-0.07823168810438332,UNCONSTRAINED_geometric_scenario
outer,6.1086523819801535,0.40377117873500534,-0.07119575284344147,UNCONSTRAINED_geometric_scenario
outer,6.126105674500097,0.40495221964400646,-0.06413813066649475,UNCONSTRAINED_geometric_scenario
outer,6.14355896702004,0.4060099081840438,-0.057060971393627015,UNCONSTRAINED_geometric_scenario
outer,6.161012259539984,0.40694392217294206,-0.049966430796110364,UNCONSTRAINED_geometric_scenario
outer,6.178465552059927,0.4077539771009921,-0.042856669939737906,UNCONSTRAINED_geometric_scenario
outer,6.19591884457987,0.4084398262176157,-0.03573385452653991,UNCONSTRAINED_geometric_scenario
outer,6.213372137099813,0.40900126060652797,-0.02860015423509151,UNCONSTRAINED_geometric_scenario
outer,6.230825429619756,0.4094381092493753,-0.021457742059607193,UNCONSTRAINED_geometric_scenario
outer,6.2482787221397,0.4097502390778293,-0.014308793648025338,UNCONSTRAINED_geometric_scenario
outer,6.265732014659643,0.40993755501412044,-0.00715548663928626,UNCONSTRAINED_geometric_scenario
outer,6.283185307179586,0.41000000000000003,-1.0042103753008297e-16,UNCONSTRAINED_geometric_scenario
inner,0.0,0.11800000000000002,0.0,UNCONSTRAINED_geometric_scenario
inner,0.017453292519943295,0.11798202802845419,0.0020593839595994547,UNCONSTRAINED_geometric_scenario
inner,0.03490658503988659,0.11792811758825332,0.004118140610895115,UNCONSTRAINED_geometric_scenario
inner,0.05235987755982989,0.11783828510103973,0.006175642836667374,UNCONSTRAINED_geometric_scenario
inner,0.06981317007977318,0.11771255793065928,0.008231263901806788,UNCONSTRAINED_geometric_scenario
inner,0.08726646259971647,0.11755097437482599,0.010284377644223665,UNCONSTRAINED_geometric_scenario
inner,0.10471975511965978,0.11735358365345627,0.012334358665583111,UNCONSTRAINED_geometric_scenario
inner,0.12217304763960307,0.11712044589367601,0.014380582521807404,UNCONSTRAINED_geometric_scenario
inner,0.13962634015954636,0.11685163211150533,0.016422425913287724,UNCONSTRAINED_geometric_scenario
inner,0.15707963267948966,0.11654722419022628,0.018459266874747245,UNCONSTRAINED_geometric_scenario
inner,0.17453292519943295,0.11620731485544057,0.020490484964697783,UNCONSTRAINED_geometric_scenario
inner,0.19198621771937624,0.11583200764682437,0.02251546145443229,UNCONSTRAINED_geometric_scenario
inner,0.20943951023931956,0.11542141688658909,0.024533579516495607,UNCONSTRAINED_geometric_scenario
inner,0.22689280275926285,0.11497566764465778,0.026544224412576076,UNCONSTRAINED_geometric_scenario
inner,0.24434609527920614,0.1144948957005676,0.028546783680760798,UNCONSTRAINED_geometric_scenario
inner,0.2617993877991494,0.11397924750211008,0.030540647322097454,UNCONSTRAINED_geometric_scenario
inner,0.2792526803190927,0.11342888012072165,0.03252520798640591,UNCONSTRAINED_geometric_scenario
inner,0.29670597283903605,0.1128439612036382,0.03449986115728294,UNCONSTRAINED_geometric_scenario
inner,0.3141592653589793,0.11222466892282813,0.0364640053362438,UNCONSTRAINED_geometric_scenario
inner,0.33161255787892263,0.1115711919207194,0.0384170422259445,UNCONSTRAINED_geometric_scenario
inner,0.3490658503988659,0.11088372925273722,0.04035837691242892,UNCONSTRAINED_geometric_scenario
inner,0.3665191429188092,0.11016249032666983,0.04228741804634544,UNCONSTRAINED_geometric_scenario
inner,0.3839724354387525,0.10940769483888094,0.04420357802307762,UNCONSTRAINED_geometric_scenario
inner,0.4014257279586958,0.10861957270738798,0.04610627316173432,UNCONSTRAINED_geometric_scenario
inner,0.4188790204786391,0.10779836400182692,0.047994923882944435,UNCONSTRAINED_geometric_scenario
inner,0.4363323129985824,0.10694431887032471,0.04986895488540254,UNCONSTRAINED_geometric_scenario
inner,0.4537856055185257,0.10605769746330174,0.051727795321111145,UNCONSTRAINED_geometric_scenario
inner,0.47123889803846897,0.10513876985422743,0.053570878969266524,UNCONSTRAINED_geometric_scenario
inner,0.4886921905584123,0.10418781595735341,0.055397644408735125,UNCONSTRAINED_geometric_scenario
inner,0.5061454830783556,0.10320512544244871,0.057207535189067786,UNCONSTRAINED_geometric_scenario
inner,0.5235987755982988,0.10219099764656378,0.059000000000000004,UNCONSTRAINED_geometric_scenario
inner,0.5410520681182421,0.10114574148284927,0.0607744928393864,UNCONSTRAINED_geometric_scenario
inner,0.5585053606381855,0.10006967534645828,0.0625304731795182,UNCONSTRAINED_geometric_scenario
inner,0.5759586531581288,0.09896312701756006,0.0642674061317732,UNCONSTRAINED_geometric_scenario
inner,0.5934119456780721,0.09782643356149494,0.06598476260954815,UNCONSTRAINED_geometric_scenario
inner,0.6108652381980153,0.09665994122610105,0.06768201948942344,UNCONSTRAINED_geometric_scenario
inner,0.6283185307179586,0.09546400533624382,0.06935865977051184,UNCONSTRAINED_geometric_scenario
inner,0.6457718232379019,0.09423899018558057,0.0710141727319417,UNCONSTRAINED_geometric_scenario
inner,0.6632251157578453,0.0929852689255932,0.07264805408842769,UNCONSTRAINED_geometric_scenario
inner,0.6806784082777885,0.09170322345192258,0.07425980614388082,UNCONSTRAINED_geometric_scenario
inner,0.6981317007977318,0.09039324428803942,0.07584893794301165,UNCONSTRAINED_geometric_scenario
inner,0.7155849933176751,0.08905573046628712,0.07741496542087987,UNCONSTRAINED_geometric_scenario
inner,0.7330382858376184,0.08769108940633254,0.07895741155034529,UNCONSTRAINED_geometric_scenario
inner,0.7504915783575618,0.08629973679106213,0.08047580648737483,UNCONSTRAINED_geometric_scenario
inner,0.767944870877505,0.08488209643996085,0.08196968771416169,UNCONSTRAINED_geometric_scenario
inner,0.7853981633974483,0.08343860018001263,0.08343860018001263,UNCONSTRAINED_geometric_scenario
inner,0.8028514559173916,0.08196968771416169,0.08488209643996085,UNCONSTRAINED_geometric_scenario
inner,0.8203047484373349,0.08047580648737483,0.08629973679106213,UNCONSTRAINED_geometric_scenario
inner,0.8377580409572782,0.07895741155034529,0.08769108940633254,UNCONSTRAINED_geometric_scenario
inner,0.8552113334772214,0.07741496542087987,0.08905573046628712,UNCONSTRAINED_geometric_scenario
inner,0.8726646259971648,0.07584893794301166,0.09039324428803942,UNCONSTRAINED_geometric_scenario
inner,0.8901179185171081,0.07425980614388084,0.09170322345192258,UNCONSTRAINED_geometric_scenario
inner,0.9075712110370514,0.07264805408842769,0.09298526892559321,UNCONSTRAINED_geometric_scenario
inner,0.9250245035569946,0.07101417273194172,0.09423899018558057,UNCONSTRAINED_geometric_scenario
inner,0.9424777960769379,0.06935865977051184,0.09546400533624382,UNCONSTRAINED_geometric_scenario
inner,0.9599310885968813,0.06768201948942344,0.09665994122610105,UNCONSTRAINED_geometric_scenario
inner,0.9773843811168246,0.06598476260954814,0.09782643356149494,UNCONSTRAINED_geometric_scenario
inner,0.9948376736367679,0.0642674061317732,0.09896312701756006,UNCONSTRAINED_geometric_scenario
inner,1.0122909661567112,0.0625304731795182,0.10006967534645829,UNCONSTRAINED_geometric_scenario
inner,1.0297442586766545,0.0607744928393864,0.10114574148284927,UNCONSTRAINED_geometric_scenario
inner,1.0471975511965976,0.059000000000000025,0.10219099764656377,UNCONSTRAINED_geometric_scenario
inner,1.064650843716541,0.05720753518906779,0.10320512544244871,UNCONSTRAINED_geometric_scenario
inner,1.0821041362364843,0.05539764440873513,0.1041878159573534,UNCONSTRAINED_geometric_scenario
inner,1.0995574287564276,0.05357087896926653,0.10513876985422742,UNCONSTRAINED_geometric_scenario
inner,1.117010721276371,0.05172779532111115,0.10605769746330174,UNCONSTRAINED_geometric_scenario
inner,1.1344640137963142,0.04986895488540254,0.10694431887032471,UNCONSTRAINED_geometric_scenario
inner,1.1519173063162575,0.047994923882944435,0.10779836400182692,UNCONSTRAINED_geometric_scenario
inner,1.1693705988362009,0.04610627316173431,0.10861957270738798,UNCONSTRAINED_geometric_scenario
inner,1.1868238913561442,0.044203578023077617,0.10940769483888094,UNCONSTRAINED_geometric_scenario
inner,1.2042771838760873,0.042287418046345455,0.11016249032666983,UNCONSTRAINED_geometric_scenario
inner,1.2217304763960306,0.040358376912428925,0.1108837292527372,UNCONSTRAINED_geometric_scenario
inner,1.239183768915974,0.038417042225944505,0.11157119192071939,UNCONSTRAINED_geometric_scenario
inner,1.2566370614359172,0.036464005336243804,0.11222466892282813,UNCONSTRAINED_geometric_scenario
inner,1.2740903539558606,0.03449986115728294,0.1128439612036382,UNCONSTRAINED_geometric_scenario
inner,1.2915436464758039,0.03252520798640591,0.11342888012072165,UNCONSTRAINED_geometric_scenario
inner,1.3089969389957472,0.030540647322097454,0.11397924750211008,UNCONSTRAINED_geometric_scenario
inner,1.3264502315156905,0.02854678368076079,0.1144948957005676,UNCONSTRAINED_geometric_scenario
inner,1.3439035240356338,0.026544224412576065,0.11497566764465778,UNCONSTRAINED_geometric_scenario
inner,1.361356816555577,0.02453357951649562,0.11542141688658908,UNCONSTRAINED_geometric_scenario
inner,1.3788101090755203,0.022515461454432305,0.11583200764682437,UNCONSTRAINED_geometric_scenario
inner,1.3962634015954636,0.020490484964697794,0.11620731485544057,UNCONSTRAINED_geometric_scenario
inner,1.413716694115407,0.018459266874747252,0.11654722419022628,UNCONSTRAINED_geometric_scenario
inner,1.4311699866353502,0.016422425913287728,0.11685163211150533,UNCONSTRAINED_geometric_scenario
inner,1.4486232791552935,0.014380582521807406,0.11712044589367601,UNCONSTRAINED_geometric_scenario
inner,1.4660765716752369,0.01233435866558311,0.11735358365345627,UNCONSTRAINED_geometric_scenario
inner,1.4835298641951802,0.010284377644223661,0.11755097437482599,UNCONSTRAINED_geometric_scenario
inner,1.5009831567151235,0.00823126390180678,0.11771255793065928,UNCONSTRAINED_geometric_scenario
inner,1.5184364492350666,0.006175642836667389,0.11783828510103973,UNCONSTRAINED_geometric_scenario
inner,1.53588974175501,0.004118140610895128,0.11792811758825332,UNCONSTRAINED_geometric_scenario
inner,1.5533430342749532,0.002059383959599465,0.11798202802845419,UNCONSTRAINED_geometric_scenario
inner,1.5707963267948966,7.225416114969385e-18,0.11800000000000002,UNCONSTRAINED_geometric_scenario
inner,1.5882496193148399,-0.002059383959599451,0.11798202802845419,UNCONSTRAINED_geometric_scenario
inner,1.6057029118347832,-0.004118140610895113,0.11792811758825332,UNCONSTRAINED_geometric_scenario
inner,1.6231562043547265,-0.0061756428366673746,0.11783828510103973,UNCONSTRAINED_geometric_scenario
inner,1.6406094968746698,-0.00823126390180679,0.11771255793065928,UNCONSTRAINED_geometric_scenario
inner,1.6580627893946132,-0.010284377644223673,0.11755097437482599,UNCONSTRAINED_geometric_scenario
inner,1.6755160819145565,-0.012334358665583122,0.11735358365345627,UNCONSTRAINED_geometric_scenario
inner,1.6929693744344996,-0.014380582521807392,0.11712044589367603,UNCONSTRAINED_geometric_scenario
inner,1.710422666954443,-0.016422425913287714,0.11685163211150533,UNCONSTRAINED_geometric_scenario
inner,1.7278759594743862,-0.01845926687474724,0.11654722419022628,UNCONSTRAINED_geometric_scenario
inner,1.7453292519943295,-0.02049048496469778,0.11620731485544057,UNCONSTRAINED_geometric_scenario
inner,1.7627825445142729,-0.02251546145443229,0.11583200764682437,UNCONSTRAINED_geometric_scenario
inner,1.7802358370342162,-0.024533579516495607,0.11542141688658909,UNCONSTRAINED_geometric_scenario
inner,1.7976891295541595,-0.02654422441257608,0.11497566764465778,UNCONSTRAINED_geometric_scenario
inner,1.8151424220741028,-0.028546783680760805,0.1144948957005676,UNCONSTRAINED_geometric_scenario
inner,1.8325957145940461,-0.030540647322097467,0.11397924750211008,UNCONSTRAINED_geometric_scenario
inner,1.8500490071139892,-0.032525207986405895,0.11342888012072165,UNCONSTRAINED_geometric_scenario
inner,1.8675022996339325,-0.03449986115728293,0.11284396120363821,UNCONSTRAINED_geometric_scenario
inner,1.8849555921538759,-0.03646400533624379,0.11222466892282815,UNCONSTRAINED_geometric_scenario
inner,1.9024088846738192,-0.03841704222594449,0.1115711919207194,UNCONSTRAINED_geometric_scenario
inner,1.9198621771937625,-0.04035837691242892,0.11088372925273722,UNCONSTRAINED_geometric_scenario
inner,1.9373154697137058,-0.04228741804634544,0.11016249032666983,UNCONSTRAINED_geometric_scenario
inner,1.9547687622336491,-0.04420357802307763,0.10940769483888094,UNCONSTRAINED_geometric_scenario
inner,1.9722220547535925,-0.04610627316173432,0.10861957270738797,UNCONSTRAINED_geometric_scenario
inner,1.9896753472735358,-0.04799492388294444,0.10779836400182692,UNCONSTRAINED_geometric_scenario
inner,2.007128639793479,-0.04986895488540253,0.10694431887032473,UNCONSTRAINED_geometric_scenario
inner,2.0245819323134224,-0.05172779532111116,0.10605769746330172,UNCONSTRAINED_geometric_scenario
inner,2.0420352248333655,-0.053570878969266524,0.10513876985422743,UNCONSTRAINED_geometric_scenario
inner,2.059488517353309,-0.05539764440873514,0.1041878159573534,UNCONSTRAINED_geometric_scenario
inner,2.076941809873252,-0.05720753518906778,0.10320512544244873,UNCONSTRAINED_geometric_scenario
inner,2.0943951023931953,-0.05899999999999998,0.10219099764656378,UNCONSTRAINED_geometric_scenario
inner,2.111848394913139,-0.060774492839386414,0.10114574148284927,UNCONSTRAINED_geometric_scenario
inner,2.129301687433082,-0.06253047317951818,0.10006967534645829,UNCONSTRAINED_geometric_scenario
inner,2.1467549799530254,-0.0642674061317732,0.09896312701756006,UNCONSTRAINED_geometric_scenario
inner,2.1642082724729685,-0.06598476260954812,0.09782643356149494,UNCONSTRAINED_geometric_scenario
inner,2.181661564992912,-0.06768201948942346,0.09665994122610104,UNCONSTRAINED_geometric_scenario
inner,2.199114857512855,-0.06935865977051182,0.09546400533624382,UNCONSTRAINED_geometric_scenario
inner,2.2165681500327987,-0.07101417273194172,0.09423899018558056,UNCONSTRAINED_geometric_scenario
inner,2.234021442552742,-0.07264805408842769,0.09298526892559321,UNCONSTRAINED_geometric_scenario
inner,2.251474735072685,-0.07425980614388081,0.0917032234519226,UNCONSTRAINED_geometric_scenario
inner,2.2689280275926285,-0.07584893794301166,0.09039324428803942,UNCONSTRAINED_geometric_scenario
inner,2.2863813201125716,-0.07741496542087986,0.08905573046628713,UNCONSTRAINED_geometric_scenario
inner,2.303834612632515,-0.07895741155034529,0.08769108940633254,UNCONSTRAINED_geometric_scenario
inner,2.321287905152458,-0.08047580648737482,0.08629973679106215,UNCONSTRAINED_geometric_scenario
inner,2.3387411976724017,-0.0819696877141617,0.08488209643996085,UNCONSTRAINED_geometric_scenario
inner,2.356194490192345,-0.08343860018001262,0.08343860018001263,UNCONSTRAINED_geometric_scenario
inner,2.3736477827122884,-0.08488209643996086,0.08196968771416167,UNCONSTRAINED_geometric_scenario
inner,2.3911010752322315,-0.08629973679106213,0.08047580648737483,UNCONSTRAINED_geometric_scenario
inner,2.4085543677521746,-0.08769108940633252,0.0789574115503453,UNCONSTRAINED_geometric_scenario
inner,2.426007660272118,-0.08905573046628712,0.07741496542087987,UNCONSTRAINED_geometric_scenario
inner,2.443460952792061,-0.09039324428803941,0.07584893794301167,UNCONSTRAINED_geometric_scenario
inner,2.4609142453120048,-0.09170322345192258,0.07425980614388082,UNCONSTRAINED_geometric_scenario
inner,2.478367537831948,-0.0929852689255932,0.0726480540884277,UNCONSTRAINED_geometric_scenario
inner,2.4958208303518914,-0.09423899018558059,0.0710141727319417,UNCONSTRAINED_geometric_scenario
inner,2.5132741228718345,-0.0954640053362438,0.06935865977051185,UNCONSTRAINED_geometric_scenario
inner,2.530727415391778,-0.09665994122610107,0.06768201948942343,UNCONSTRAINED_geometric_scenario
inner,2.548180707911721,-0.09782643356149492,0.06598476260954815,UNCONSTRAINED_geometric_scenario
inner,2.5656340004316642,-0.09896312701756005,0.06426740613177323,UNCONSTRAINED_geometric_scenario
inner,2.5830872929516078,-0.10006967534645828,0.0625304731795182,UNCONSTRAINED_geometric_scenario
inner,2.600540585471551,-0.10114574148284926,0.06077449283938643,UNCONSTRAINED_geometric_scenario
inner,2.6179938779914944,-0.10219099764656378,0.059000000000000004,UNCONSTRAINED_geometric_scenario
inner,2.6354471705114375,-0.10320512544244871,0.05720753518906779,UNCONSTRAINED_geometric_scenario
inner,2.652900463031381,-0.10418781595735341,0.05539764440873511,UNCONSTRAINED_geometric_scenario
inner,2.670353755551324,-0.10513876985422742,0.05357087896926654,UNCONSTRAINED_geometric_scenario
inner,2.6878070480712677,-0.10605769746330174,0.05172779532111113,UNCONSTRAINED_geometric_scenario
inner,2.705260340591211,-0.10694431887032471,0.04986895488540255,UNCONSTRAINED_geometric_scenario
inner,2.722713633111154,-0.10779836400182691,0.04799492388294446,UNCONSTRAINED_geometric_scenario
inner,2.7401669256310974,-0.10861957270738798,0.04610627316173432,UNCONSTRAINED_geometric_scenario
inner,2.7576202181510405,-0.10940769483888092,0.04420357802307765,UNCONSTRAINED_geometric_scenario
inner,2.775073510670984,-0.11016249032666983,0.042287418046345435,UNCONSTRAINED_geometric_scenario
inner,2.792526803190927,-0.1108837292527372,0.04035837691242893,UNCONSTRAINED_geometric_scenario
inner,2.8099800957108707,-0.1115711919207194,0.038417042225944484,UNCONSTRAINED_geometric_scenario
inner,2.827433388230814,-0.11222466892282813,0.03646400533624381,UNCONSTRAINED_geometric_scenario
inner,2.8448866807507573,-0.11284396120363821,0.03449986115728292,UNCONSTRAINED_geometric_scenario
inner,2.8623399732707004,-0.11342888012072165,0.032525207986405916,UNCONSTRAINED_geometric_scenario
inner,2.8797932657906435,-0.11397924750211007,0.030540647322097485,UNCONSTRAINED_geometric_scenario
inner,2.897246558310587,-0.1144948957005676,0.028546783680760798,UNCONSTRAINED_geometric_scenario
inner,2.91469985083053,-0.11497566764465776,0.026544224412576096,UNCONSTRAINED_geometric_scenario
inner,2.9321531433504737,-0.11542141688658909,0.024533579516495603,UNCONSTRAINED_geometric_scenario
inner,2.949606435870417,-0.11583200764682437,0.02251546145443231,UNCONSTRAINED_geometric_scenario
inner,2.9670597283903604,-0.11620731485544057,0.020490484964697776,UNCONSTRAINED_geometric_scenario
inner,2.9845130209103035,-0.11654722419022627,0.01845926687474726,UNCONSTRAINED_geometric_scenario
inner,3.001966313430247,-0.11685163211150533,0.01642242591328771,UNCONSTRAINED_geometric_scenario
inner,3.01941960595019,-0.11712044589367601,0.014380582521807413,UNCONSTRAINED_geometric_scenario
inner,3.036872898470133,-0.11735358365345627,0.012334358665583143,UNCONSTRAINED_geometric_scenario
inner,3.0543261909900767,-0.11755097437482599,0.010284377644223668,UNCONSTRAINED_geometric_scenario
inner,3.07177948351002,-0.11771255793065928,0.008231263901806814,UNCONSTRAINED_geometric_scenario
inner,3.0892327760299634,-0.11783828510103973,0.00617564283666737,UNCONSTRAINED_geometric_scenario
inner,3.1066860685499065,-0.11792811758825332,0.004118140610895136,UNCONSTRAINED_geometric_scenario
inner,3.12413936106985,-0.11798202802845419,0.002059383959599446,UNCONSTRAINED_geometric_scenario
inner,3.141592653589793,-0.11800000000000002,1.445083222993877e-17,UNCONSTRAINED_geometric_scenario
inner,3.1590459461097367,-0.11798202802845419,-0.0020593839595994695,UNCONSTRAINED_geometric_scenario
inner,3.1764992386296798,-0.11792811758825332,-0.004118140610895107,UNCONSTRAINED_geometric_scenario
inner,3.193952531149623,-0.11783828510103973,-0.006175642836667342,UNCONSTRAINED_geometric_scenario
inner,3.2114058236695664,-0.11771255793065928,-0.008231263901806785,UNCONSTRAINED_geometric_scenario
inner,3.2288591161895095,-0.11755097437482599,-0.010284377644223639,UNCONSTRAINED_geometric_scenario
inner,3.246312408709453,-0.11735358365345627,-0.012334358665583115,UNCONSTRAINED_geometric_scenario
inner,3.263765701229396,-0.11712044589367603,-0.014380582521807385,UNCONSTRAINED_geometric_scenario
inner,3.2812189937493397,-0.11685163211150532,-0.016422425913287735,UNCONSTRAINED_geometric_scenario
inner,3.2986722862692828,-0.11654722419022628,-0.018459266874747228,UNCONSTRAINED_geometric_scenario
inner,3.3161255787892263,-0.11620731485544057,-0.0204904849646978,UNCONSTRAINED_geometric_scenario
inner,3.3335788713091694,-0.11583200764682437,-0.02251546145443228,UNCONSTRAINED_geometric_scenario
inner,3.351032163829113,-0.11542141688658908,-0.024533579516495627,UNCONSTRAINED_geometric_scenario
inner,3.368485456349056,-0.11497566764465778,-0.026544224412576072,UNCONSTRAINED_geometric_scenario
inner,3.385938748868999,-0.1144948957005676,-0.02854678368076077,UNCONSTRAINED_geometric_scenario
inner,3.4033920413889427,-0.11397924750211008,-0.03054064732209746,UNCONSTRAINED_geometric_scenario
inner,3.420845333908886,-0.11342888012072165,-0.03252520798640589,UNCONSTRAINED_geometric_scenario
inner,3.4382986264288293,-0.1128439612036382,-0.03449986115728294,UNCONSTRAINED_geometric_scenario
inner,3.4557519189487724,-0.11222466892282815,-0.036464005336243784,UNCONSTRAINED_geometric_scenario
inner,3.473205211468716,-0.11157119192071939,-0.038417042225944505,UNCONSTRAINED_geometric_scenario
inner,3.490658503988659,-0.11088372925273722,-0.04035837691242891,UNCONSTRAINED_geometric_scenario
inner,3.5081117965086026,-0.11016249032666983,-0.04228741804634546,UNCONSTRAINED_geometric_scenario
inner,3.5255650890285457,-0.10940769483888094,-0.04420357802307762,UNCONSTRAINED_geometric_scenario
inner,3.543018381548489,-0.10861957270738798,-0.04610627316173429,UNCONSTRAINED_geometric_scenario
inner,3.5604716740684323,-0.10779836400182692,-0.047994923882944435,UNCONSTRAINED_geometric_scenario
inner,3.5779249665883754,-0.10694431887032473,-0.04986895488540252,UNCONSTRAINED_geometric_scenario
inner,3.595378259108319,-0.10605769746330172,-0.05172779532111115,UNCONSTRAINED_geometric_scenario
inner,3.612831551628262,-0.10513876985422743,-0.05357087896926651,UNCONSTRAINED_geometric_scenario
inner,3.6302848441482056,-0.1041878159573534,-0.05539764440873513,UNCONSTRAINED_geometric_scenario
inner,3.6477381366681487,-0.10320512544244873,-0.05720753518906777,UNCONSTRAINED_geometric_scenario
inner,3.6651914291880923,-0.10219099764656377,-0.059000000000000025,UNCONSTRAINED_geometric_scenario
inner,3.6826447217080354,-0.10114574148284927,-0.0607744928393864,UNCONSTRAINED_geometric_scenario
inner,3.7000980142279785,-0.10006967534645829,-0.06253047317951818,UNCONSTRAINED_geometric_scenario
inner,3.717551306747922,-0.09896312701756006,-0.0642674061317732,UNCONSTRAINED_geometric_scenario
inner,3.735004599267865,-0.09782643356149494,-0.06598476260954812,UNCONSTRAINED_geometric_scenario
inner,3.7524578917878086,-0.09665994122610105,-0.06768201948942346,UNCONSTRAINED_geometric_scenario
inner,3.7699111843077517,-0.09546400533624382,-0.06935865977051182,UNCONSTRAINED_geometric_scenario
inner,3.7873644768276953,-0.09423899018558057,-0.07101417273194172,UNCONSTRAINED_geometric_scenario
inner,3.8048177693476384,-0.09298526892559321,-0.07264805408842769,UNCONSTRAINED_geometric_scenario
inner,3.822271061867582,-0.09170322345192257,-0.07425980614388085,UNCONSTRAINED_geometric_scenario
inner,3.839724354387525,-0.09039324428803942,-0.07584893794301165,UNCONSTRAINED_geometric_scenario
inner,3.857177646907468,-0.08905573046628713,-0.07741496542087985,UNCONSTRAINED_geometric_scenario
inner,3.8746309394274117,-0.08769108940633254,-0.07895741155034529,UNCONSTRAINED_geometric_scenario
inner,3.8920842319473548,-0.08629973679106215,-0.08047580648737482,UNCONSTRAINED_geometric_scenario
inner,3.9095375244672983,-0.08488209643996085,-0.08196968771416169,UNCONSTRAINED_geometric_scenario
inner,3.9269908169872414,-0.08343860018001265,-0.08343860018001262,UNCONSTRAINED_geometric_scenario
inner,3.944444109507185,-0.08196968771416169,-0.08488209643996085,UNCONSTRAINED_geometric_scenario
inner,3.961897402027128,-0.08047580648737485,-0.08629973679106213,UNCONSTRAINED_geometric_scenario
inner,3.9793506945470716,-0.07895741155034527,-0.08769108940633255,UNCONSTRAINED_geometric_scenario
inner,3.9968039870670147,-0.07741496542087987,-0.08905573046628712,UNCONSTRAINED_geometric_scenario
inner,4.014257279586958,-0.07584893794301167,-0.09039324428803941,UNCONSTRAINED_geometric_scenario
inner,4.031710572106901,-0.07425980614388088,-0.09170322345192254,UNCONSTRAINED_geometric_scenario
inner,4.049163864626845,-0.07264805408842767,-0.09298526892559322,UNCONSTRAINED_geometric_scenario
inner,4.066617157146788,-0.0710141727319417,-0.09423899018558057,UNCONSTRAINED_geometric_scenario
inner,4.084070449666731,-0.06935865977051185,-0.0954640053362438,UNCONSTRAINED_geometric_scenario
inner,4.101523742186674,-0.06768201948942348,-0.09665994122610103,UNCONSTRAINED_geometric_scenario
inner,4.118977034706618,-0.06598476260954811,-0.09782643356149495,UNCONSTRAINED_geometric_scenario
inner,4.136430327226561,-0.06426740613177319,-0.09896312701756006,UNCONSTRAINED_geometric_scenario
inner,4.153883619746504,-0.06253047317951821,-0.10006967534645828,UNCONSTRAINED_geometric_scenario
inner,4.171336912266447,-0.06077449283938643,-0.10114574148284924,UNCONSTRAINED_geometric_scenario
inner,4.1887902047863905,-0.059000000000000066,-0.10219099764656377,UNCONSTRAINED_geometric_scenario
inner,4.2062434973063345,-0.05720753518906776,-0.10320512544244873,UNCONSTRAINED_geometric_scenario
inner,4.223696789826278,-0.05539764440873512,-0.10418781595735341,UNCONSTRAINED_geometric_scenario
inner,4.241150082346221,-0.053570878969266544,-0.10513876985422742,UNCONSTRAINED_geometric_scenario
inner,4.258603374866164,-0.05172779532111118,-0.10605769746330171,UNCONSTRAINED_geometric_scenario
inner,4.276056667386108,-0.04986895488540251,-0.10694431887032474,UNCONSTRAINED_geometric_scenario
inner,4.293509959906051,-0.04799492388294442,-0.10779836400182694,UNCONSTRAINED_geometric_scenario
inner,4.310963252425994,-0.04610627316173432,-0.10861957270738797,UNCONSTRAINED_geometric_scenario
inner,4.328416544945937,-0.04420357802307766,-0.10940769483888092,UNCONSTRAINED_geometric_scenario
inner,4.34586983746588,-0.04228741804634549,-0.11016249032666982,UNCONSTRAINED_geometric_scenario
inner,4.363323129985824,-0.0403583769124289,-0.11088372925273722,UNCONSTRAINED_geometric_scenario
inner,4.380776422505767,-0.03841704222594449,-0.1115711919207194,UNCONSTRAINED_geometric_scenario
inner,4.39822971502571,-0.03646400533624382,-0.11222466892282813,UNCONSTRAINED_geometric_scenario
inner,4.4156830075456535,-0.034499861157282985,-0.11284396120363818,UNCONSTRAINED_geometric_scenario
inner,4.4331363000655974,-0.032525207986405874,-0.11342888012072166,UNCONSTRAINED_geometric_scenario
inner,4.4505895925855405,-0.03054064732209744,-0.11397924750211008,UNCONSTRAINED_geometric_scenario
inner,4.468042885105484,-0.028546783680760805,-0.1144948957005676,UNCONSTRAINED_geometric_scenario
inner,4.485496177625427,-0.026544224412576103,-0.11497566764465776,UNCONSTRAINED_geometric_scenario
inner,4.50294947014537,-0.02453357951649566,-0.11542141688658908,UNCONSTRAINED_geometric_scenario
inner,4.520402762665314,-0.022515461454432267,-0.11583200764682437,UNCONSTRAINED_geometric_scenario
inner,4.537856055185257,-0.020490484964697783,-0.11620731485544057,UNCONSTRAINED_geometric_scenario
inner,4.5553093477052,-0.018459266874747266,-0.11654722419022627,UNCONSTRAINED_geometric_scenario
inner,4.572762640225143,-0.01642242591328777,-0.11685163211150532,UNCONSTRAINED_geometric_scenario
inner,4.590215932745087,-0.01438058252180737,-0.11712044589367603,UNCONSTRAINED_geometric_scenario
inner,4.60766922526503,-0.0123343586655831,-0.11735358365345629,UNCONSTRAINED_geometric_scenario
inner,4.625122517784973,-0.010284377644223675,-0.11755097437482599,UNCONSTRAINED_geometric_scenario
inner,4.642575810304916,-0.00823126390180682,-0.11771255793065928,UNCONSTRAINED_geometric_scenario
inner,4.6600291028248595,-0.006175642836667429,-0.11783828510103973,UNCONSTRAINED_geometric_scenario
inner,4.6774823953448035,-0.004118140610895091,-0.11792811758825332,UNCONSTRAINED_geometric_scenario
inner,4.694935687864747,-0.002059383959599453,-0.11798202802845419,UNCONSTRAINED_geometric_scenario
inner,4.71238898038469,-2.1676248344908153e-17,-0.11800000000000002,UNCONSTRAINED_geometric_scenario
inner,4.729842272904633,0.0020593839595994096,-0.11798202802845419,UNCONSTRAINED_geometric_scenario
inner,4.747295565424577,0.004118140610895152,-0.11792811758825332,UNCONSTRAINED_geometric_scenario
inner,4.76474885794452,0.006175642836667387,-0.11783828510103973,UNCONSTRAINED_geometric_scenario
inner,4.782202150464463,0.008231263901806778,-0.1177125579306593,UNCONSTRAINED_geometric_scenario
inner,4.799655442984406,0.010284377644223632,-0.11755097437482599,UNCONSTRAINED_geometric_scenario
inner,4.817108735504349,0.012334358665583054,-0.11735358365345629,UNCONSTRAINED_geometric_scenario
inner,4.834562028024293,0.01438058252180743,-0.11712044589367601,UNCONSTRAINED_geometric_scenario
inner,4.852015320544236,0.016422425913287728,-0.11685163211150533,UNCONSTRAINED_geometric_scenario
inner,4.869468613064179,0.018459266874747225,-0.11654722419022628,UNCONSTRAINED_geometric_scenario
inner,4.886921905584122,0.02049048496469774,-0.11620731485544059,UNCONSTRAINED_geometric_scenario
inner,4.904375198104066,0.022515461454432326,-0.11583200764682436,UNCONSTRAINED_geometric_scenario
inner,4.9218284906240095,0.024533579516495617,-0.11542141688658908,UNCONSTRAINED_geometric_scenario
inner,4.939281783143953,0.026544224412576065,-0.11497566764465778,UNCONSTRAINED_geometric_scenario
inner,4.956735075663896,0.028546783680760763,-0.11449489570056762,UNCONSTRAINED_geometric_scenario
inner,4.974188368183839,0.0305406473220974,-0.1139792475021101,UNCONSTRAINED_geometric_scenario
inner,4.991641660703783,0.032525207986405937,-0.11342888012072164,UNCONSTRAINED_geometric_scenario
inner,5.009094953223726,0.034499861157282936,-0.1128439612036382,UNCONSTRAINED_geometric_scenario
inner,5.026548245743669,0.03646400533624378,-0.11222466892282815,UNCONSTRAINED_geometric_scenario
inner,5.044001538263612,0.03841704222594445,-0.11157119192071942,UNCONSTRAINED_geometric_scenario
inner,5.061454830783556,0.040358376912428946,-0.1108837292527372,UNCONSTRAINED_geometric_scenario
inner,5.078908123303499,0.042287418046345455,-0.11016249032666983,UNCONSTRAINED_geometric_scenario
inner,5.096361415823442,0.044203578023077617,-0.10940769483888094,UNCONSTRAINED_geometric_scenario
inner,5.113814708343385,0.04610627316173428,-0.10861957270738799,UNCONSTRAINED_geometric_scenario
inner,5.1312680008633285,0.04799492388294438,-0.10779836400182695,UNCONSTRAINED_geometric_scenario
inner,5.1487212933832724,0.049868954885402564,-0.1069443188703247,UNCONSTRAINED_geometric_scenario
inner,5.1661745859032155,0.051727795321111145,-0.10605769746330174,UNCONSTRAINED_geometric_scenario
inner,5.183627878423159,0.05357087896926651,-0.10513876985422745,UNCONSTRAINED_geometric_scenario
inner,5.201081170943102,0.055397644408735076,-0.10418781595735342,UNCONSTRAINED_geometric_scenario
inner,5.218534463463046,0.05720753518906781,-0.1032051254424487,UNCONSTRAINED_geometric_scenario
inner,5.235987755982989,0.059000000000000025,-0.10219099764656377,UNCONSTRAINED_geometric_scenario
inner,5.253441048502932,0.0607744928393864,-0.10114574148284927,UNCONSTRAINED_geometric_scenario
inner,5.270894341022875,0.06253047317951817,-0.10006967534645829,UNCONSTRAINED_geometric_scenario
inner,5.288347633542818,0.06426740613177316,-0.09896312701756008,UNCONSTRAINED_geometric_scenario
inner,5.305800926062762,0.06598476260954816,-0.09782643356149492,UNCONSTRAINED_geometric_scenario
inner,5.323254218582705,0.06768201948942344,-0.09665994122610105,UNCONSTRAINED_geometric_scenario
inner,5.340707511102648,0.06935865977051181,-0.09546400533624383,UNCONSTRAINED_geometric_scenario
inner,5.358160803622591,0.07101417273194167,-0.0942389901855806,UNCONSTRAINED_geometric_scenario
inner,5.375614096142535,0.07264805408842771,-0.0929852689255932,UNCONSTRAINED_geometric_scenario
inner,5.3930673886624785,0.07425980614388084,-0.09170322345192257,UNCONSTRAINED_geometric_scenario
inner,5.410520681182422,0.07584893794301165,-0.09039324428803944,UNCONSTRAINED_geometric_scenario
inner,5.427973973702365,0.07741496542087985,-0.08905573046628713,UNCONSTRAINED_geometric_scenario
inner,5.445427266222308,0.07895741155034523,-0.08769108940633258,UNCONSTRAINED_geometric_scenario
inner,5.462880558742252,0.08047580648737485,-0.08629973679106212,UNCONSTRAINED_geometric_scenario
inner,5.480333851262195,0.08196968771416169,-0.08488209643996085,UNCONSTRAINED_geometric_scenario
inner,5.497787143782138,0.0834386001800126,-0.08343860018001265,UNCONSTRAINED_geometric_scenario
inner,5.515240436302081,0.08488209643996082,-0.08196968771416173,UNCONSTRAINED_geometric_scenario
inner,5.532693728822025,0.08629973679106216,-0.0804758064873748,UNCONSTRAINED_geometric_scenario
inner,5.550147021341968,0.08769108940633254,-0.07895741155034527,UNCONSTRAINED_geometric_scenario
inner,5.567600313861911,0.0890557304662871,-0.07741496542087989,UNCONSTRAINED_geometric_scenario
inner,5.585053606381854,0.0903932442880394,-0.07584893794301169,UNCONSTRAINED_geometric_scenario
inner,5.602506898901797,0.09170322345192254,-0.07425980614388088,UNCONSTRAINED_geometric_scenario
inner,5.619960191421741,0.09298526892559321,-0.07264805408842769,UNCONSTRAINED_geometric_scenario
inner,5.6374134839416845,0.09423899018558057,-0.0710141727319417,UNCONSTRAINED_geometric_scenario
inner,5.654866776461628,0.0954640053362438,-0.06935865977051187,UNCONSTRAINED_geometric_scenario
inner,5.672320068981571,0.09665994122610103,-0.0676820194894235,UNCONSTRAINED_geometric_scenario
inner,5.689773361501515,0.09782643356149495,-0.06598476260954811,UNCONSTRAINED_geometric_scenario
inner,5.707226654021458,0.09896312701756006,-0.06426740613177319,UNCONSTRAINED_geometric_scenario
inner,5.724679946541401,0.10006967534645826,-0.06253047317951821,UNCONSTRAINED_geometric_scenario
inner,5.742133239061344,0.10114574148284924,-0.06077449283938644,UNCONSTRAINED_geometric_scenario
inner,5.759586531581287,0.10219099764656375,-0.059000000000000066,UNCONSTRAINED_geometric_scenario
inner,5.777039824101231,0.10320512544244873,-0.057207535189067765,UNCONSTRAINED_geometric_scenario
inner,5.794493116621174,0.10418781595735341,-0.055397644408735125,UNCONSTRAINED_geometric_scenario
inner,5.811946409141117,0.10513876985422742,-0.05357087896926655,UNCONSTRAINED_geometric_scenario
inner,5.82939970166106,0.10605769746330171,-0.051727795321111186,UNCONSTRAINED_geometric_scenario
inner,5.846852994181004,0.10694431887032473,-0.049868954885402515,UNCONSTRAINED_geometric_scenario
inner,5.8643062867009474,0.10779836400182694,-0.04799492388294443,UNCONSTRAINED_geometric_scenario
inner,5.8817595792208905,0.10861957270738797,-0.046106273161734324,UNCONSTRAINED_geometric_scenario
inner,5.899212871740834,0.10940769483888092,-0.044203578023077665,UNCONSTRAINED_geometric_scenario
inner,5.916666164260777,0.1101624903266698,-0.0422874180463455,UNCONSTRAINED_geometric_scenario
inner,5.934119456780721,0.11088372925273722,-0.040358376912428905,UNCONSTRAINED_geometric_scenario
inner,5.951572749300664,0.1115711919207194,-0.0384170422259445,UNCONSTRAINED_geometric_scenario
inner,5.969026041820607,0.11222466892282813,-0.03646400533624383,UNCONSTRAINED_geometric_scenario
inner,5.98647933434055,0.11284396120363818,-0.03449986115728299,UNCONSTRAINED_geometric_scenario
inner,6.003932626860494,0.11342888012072165,-0.03252520798640588,UNCONSTRAINED_geometric_scenario
inner,6.021385919380437,0.11397924750211008,-0.030540647322097447,UNCONSTRAINED_geometric_scenario
inner,6.03883921190038,0.1144948957005676,-0.028546783680760815,UNCONSTRAINED_geometric_scenario
inner,6.056292504420323,0.11497566764465776,-0.026544224412576114,UNCONSTRAINED_geometric_scenario
inner,6.073745796940266,0.11542141688658908,-0.02453357951649567,UNCONSTRAINED_geometric_scenario
inner,6.09119908946021,0.11583200764682437,-0.022515461454432274,UNCONSTRAINED_geometric_scenario
inner,6.1086523819801535,0.11620731485544057,-0.02049048496469779,UNCONSTRAINED_geometric_scenario
inner,6.126105674500097,0.11654722419022627,-0.018459266874747273,UNCONSTRAINED_geometric_scenario
inner,6.14355896702004,0.11685163211150532,-0.016422425913287776,UNCONSTRAINED_geometric_scenario
inner,6.161012259539984,0.11712044589367603,-0.014380582521807374,UNCONSTRAINED_geometric_scenario
inner,6.178465552059927,0.11735358365345627,-0.012334358665583106,UNCONSTRAINED_geometric_scenario
inner,6.19591884457987,0.11755097437482599,-0.010284377644223684,UNCONSTRAINED_geometric_scenario
inner,6.213372137099813,0.11771255793065928,-0.008231263901806826,UNCONSTRAINED_geometric_scenario
inner,6.230825429619756,0.11783828510103973,-0.006175642836667437,UNCONSTRAINED_geometric_scenario
inner,6.2482787221397,0.11792811758825332,-0.004118140610895098,UNCONSTRAINED_geometric_scenario
inner,6.265732014659643,0.11798202802845419,-0.0020593839595994604,UNCONSTRAINED_geometric_scenario
inner,6.283185307179586,0.11800000000000002,-2.890166445987754e-17,UNCONSTRAINED_geometric_scenario
