parameter,value,unit,evidence,source
wheel_diameter,165,mm,SELECTED_design_geometry,new_design_baseline.json
wheel_tread,75,mm,SELECTED_design_geometry,new_design_baseline.json
wheelbase,570,mm,SELECTED_design_geometry,new_design_baseline.json
track_center_to_center,538,mm,SELECTED_design_geometry,new_design_baseline.json
overall_wheel_footprint_length,735,mm,SELECTED_design_geometry,new_design_baseline.json
overall_wheel_footprint_width,613,mm,SELECTED_design_geometry,new_design_baseline.json
chassis_length,600,mm,SELECTED_design_geometry,new_design_baseline.json
chassis_width,390,mm,SELECTED_design_geometry,new_design_baseline.json
ground_clearance,130,mm,SELECTED_nominal_central_chassis_clearance_target,new_design_baseline.json
cowl_top_height,450,mm,SELECTED_design_geometry,new_design_baseline.json
solar_panel_hinge_height,720,mm,SELECTED_design_geometry,new_design_baseline.json
dry_mass_target,10,kg,SELECTED_or_CALCULATED_not_measured,new_design_baseline.json_and_engineering_scenarios.json
gross_mass_target,12,kg,SELECTED_or_CALCULATED_not_measured,new_design_baseline.json_and_engineering_scenarios.json
chassis_payload_target,2,kg,SELECTED_or_CALCULATED_not_measured,new_design_baseline.json_and_engineering_scenarios.json
nominal_label_energy,72,Wh,SELECTED_or_CALCULATED_not_measured,new_design_baseline.json_and_engineering_scenarios.json
usable_energy_assumption,57.6,Wh,SELECTED_or_CALCULATED_not_measured,new_design_baseline.json_and_engineering_scenarios.json
drive_power_assumption,35,W,SELECTED_or_CALCULATED_not_measured,new_design_baseline.json_and_engineering_scenarios.json
aux_power_assumption,5,W,SELECTED_or_CALCULATED_not_measured,new_design_baseline.json_and_engineering_scenarios.json
PV_nameplate,20,W,SELECTED_or_CALCULATED_not_measured,new_design_baseline.json_and_engineering_scenarios.json
PV_derating_assumption,0.75,fraction,SELECTED_or_CALCULATED_not_measured,new_design_baseline.json_and_engineering_scenarios.json
speed_cap,0.35,m/s,SELECTED_or_CALCULATED_not_measured,new_design_baseline.json_and_engineering_scenarios.json
