drive_duty_fraction,irradiance_W_m2,load_W,solar_W,net_battery_power_W,runtime_h,state,evidence
0.0,0,5.0,0.0,5.0,11.52,finite_depletion,MODELLED_constant_conditions_not_endurance_test
0.0,250,5.0,3.75,1.25,46.08,finite_depletion,MODELLED_constant_conditions_not_endurance_test
0.0,500,5.0,7.5,-2.5,,conditional_energy_non_depleting,MODELLED_constant_conditions_not_endurance_test
0.0,1000,5.0,15.0,-10.0,,conditional_energy_non_depleting,MODELLED_constant_conditions_not_endurance_test
0.01,0,5.35,0.0,5.35,10.766355140186917,finite_depletion,MODELLED_constant_conditions_not_endurance_test
0.01,250,5.35,3.75,1.5999999999999996,36.00000000000001,finite_depletion,MODELLED_constant_conditions_not_endurance_test
0.01,500,5.35,7.5,-2.1500000000000004,,conditional_energy_non_depleting,MODELLED_constant_conditions_not_endurance_test
0.01,1000,5.35,15.0,-9.65,,conditional_energy_non_depleting,MODELLED_constant_conditions_not_endurance_test
0.02,0,5.7,0.0,5.7,10.105263157894736,finite_depletion,MODELLED_constant_conditions_not_endurance_test
0.02,250,5.7,3.75,1.9500000000000002,29.538461538461537,finite_depletion,MODELLED_constant_conditions_not_endurance_test
0.02,500,5.7,7.5,-1.7999999999999998,,conditional_energy_non_depleting,MODELLED_constant_conditions_not_endurance_test
0.02,1000,5.7,15.0,-9.3,,conditional_energy_non_depleting,MODELLED_constant_conditions_not_endurance_test
0.03,0,6.05,0.0,6.05,9.520661157024794,finite_depletion,MODELLED_constant_conditions_not_endurance_test
0.03,250,6.05,3.75,2.3,25.043478260869566,finite_depletion,MODELLED_constant_conditions_not_endurance_test
0.03,500,6.05,7.5,-1.4500000000000002,,conditional_energy_non_depleting,MODELLED_constant_conditions_not_endurance_test
0.03,1000,6.05,15.0,-8.95,,conditional_energy_non_depleting,MODELLED_constant_conditions_not_endurance_test
0.04,0,6.4,0.0,6.4,9.0,finite_depletion,MODELLED_constant_conditions_not_endurance_test
0.04,250,6.4,3.75,2.6500000000000004,21.735849056603772,finite_depletion,MODELLED_constant_conditions_not_endurance_test
0.04,500,6.4,7.5,-1.0999999999999996,,conditional_energy_non_depleting,MODELLED_constant_conditions_not_endurance_test
0.04,1000,6.4,15.0,-8.6,,conditional_energy_non_depleting,MODELLED_constant_conditions_not_endurance_test
0.05,0,6.75,0.0,6.75,8.533333333333333,finite_depletion,MODELLED_constant_conditions_not_endurance_test
0.05,250,6.75,3.75,3.0,19.2,finite_depletion,MODELLED_constant_conditions_not_endurance_test
0.05,500,6.75,7.5,-0.75,,conditional_energy_non_depleting,MODELLED_constant_conditions_not_endurance_test
0.05,1000,6.75,15.0,-8.25,,conditional_energy_non_depleting,MODELLED_constant_conditions_not_endurance_test
0.06,0,7.1,0.0,7.1,8.112676056338028,finite_depletion,MODELLED_constant_conditions_not_endurance_test
0.06,250,7.1,3.75,3.3499999999999996,17.194029850746272,finite_depletion,MODELLED_constant_conditions_not_endurance_test
0.06,500,7.1,7.5,-0.40000000000000036,,conditional_energy_non_depleting,MODELLED_constant_conditions_not_endurance_test
0.06,1000,7.1,15.0,-7.9,,conditional_energy_non_depleting,MODELLED_constant_conditions_not_endurance_test
0.07,0,7.45,0.0,7.45,7.731543624161074,finite_depletion,MODELLED_constant_conditions_not_endurance_test
0.07,250,7.45,3.75,3.7,15.567567567567567,finite_depletion,MODELLED_constant_conditions_not_endurance_test
0.07,500,7.45,7.5,-0.04999999999999982,,conditional_energy_non_depleting,MODELLED_constant_conditions_not_endurance_test
0.07,1000,7.45,15.0,-7.55,,conditional_energy_non_depleting,MODELLED_constant_conditions_not_endurance_test
0.08,0,7.800000000000001,0.0,7.800000000000001,7.384615384615384,finite_depletion,MODELLED_constant_conditions_not_endurance_test
0.08,250,7.800000000000001,3.75,4.050000000000001,14.22222222222222,finite_depletion,MODELLED_constant_conditions_not_endurance_test
0.08,500,7.800000000000001,7.5,0.3000000000000007,191.99999999999955,finite_depletion,MODELLED_constant_conditions_not_endurance_test
0.08,1000,7.800000000000001,15.0,-7.199999999999999,,conditional_energy_non_depleting,MODELLED_constant_conditions_not_endurance_test
0.09,0,8.15,0.0,8.15,7.067484662576687,finite_depletion,MODELLED_constant_conditions_not_endurance_test
0.09,250,8.15,3.75,4.4,13.09090909090909,finite_depletion,MODELLED_constant_conditions_not_endurance_test
0.09,500,8.15,7.5,0.6500000000000004,88.61538461538457,finite_depletion,MODELLED_constant_conditions_not_endurance_test
0.09,1000,8.15,15.0,-6.85,,conditional_energy_non_depleting,MODELLED_constant_conditions_not_endurance_test
0.1,0,8.5,0.0,8.5,6.776470588235294,finite_depletion,MODELLED_constant_conditions_not_endurance_test
0.1,250,8.5,3.75,4.75,12.126315789473685,finite_depletion,MODELLED_constant_conditions_not_endurance_test
0.1,500,8.5,7.5,1.0,57.6,finite_depletion,MODELLED_constant_conditions_not_endurance_test
0.1,1000,8.5,15.0,-6.5,,conditional_energy_non_depleting,MODELLED_constant_conditions_not_endurance_test
0.11,0,8.85,0.0,8.85,6.508474576271187,finite_depletion,MODELLED_constant_conditions_not_endurance_test
0.11,250,8.85,3.75,5.1,11.294117647058824,finite_depletion,MODELLED_constant_conditions_not_endurance_test
0.11,500,8.85,7.5,1.3499999999999996,42.66666666666668,finite_depletion,MODELLED_constant_conditions_not_endurance_test
0.11,1000,8.85,15.0,-6.15,,conditional_energy_non_depleting,MODELLED_constant_conditions_not_endurance_test
0.12,0,9.2,0.0,9.2,6.260869565217392,finite_depletion,MODELLED_constant_conditions_not_endurance_test
0.12,250,9.2,3.75,5.449999999999999,10.568807339449544,finite_depletion,MODELLED_constant_conditions_not_endurance_test
0.12,500,9.2,7.5,1.6999999999999993,33.882352941176485,finite_depletion,MODELLED_constant_conditions_not_endurance_test
0.12,1000,9.2,15.0,-5.800000000000001,,conditional_energy_non_depleting,MODELLED_constant_conditions_not_endurance_test
0.13,0,9.55,0.0,9.55,6.031413612565444,finite_depletion,MODELLED_constant_conditions_not_endurance_test
0.13,250,9.55,3.75,5.800000000000001,9.93103448275862,finite_depletion,MODELLED_constant_conditions_not_endurance_test
0.13,500,9.55,7.5,2.0500000000000007,28.097560975609746,finite_depletion,MODELLED_constant_conditions_not_endurance_test
0.13,1000,9.55,15.0,-5.449999999999999,,conditional_energy_non_depleting,MODELLED_constant_conditions_not_endurance_test
0.14,0,9.9,0.0,9.9,5.818181818181818,finite_depletion,MODELLED_constant_conditions_not_endurance_test
0.14,250,9.9,3.75,6.15,9.365853658536585,finite_depletion,MODELLED_constant_conditions_not_endurance_test
0.14,500,9.9,7.5,2.4000000000000004,23.999999999999996,finite_depletion,MODELLED_constant_conditions_not_endurance_test
0.14,1000,9.9,15.0,-5.1,,conditional_energy_non_depleting,MODELLED_constant_conditions_not_endurance_test
0.15,0,10.25,0.0,10.25,5.619512195121952,finite_depletion,MODELLED_constant_conditions_not_endurance_test
0.15,250,10.25,3.75,6.5,8.861538461538462,finite_depletion,MODELLED_constant_conditions_not_endurance_test
0.15,500,10.25,7.5,2.75,20.945454545454545,finite_depletion,MODELLED_constant_conditions_not_endurance_test
0.15,1000,10.25,15.0,-4.75,,conditional_energy_non_depleting,MODELLED_constant_conditions_not_endurance_test
0.16,0,10.600000000000001,0.0,10.600000000000001,5.433962264150943,finite_depletion,MODELLED_constant_conditions_not_endurance_test
0.16,250,10.600000000000001,3.75,6.850000000000001,8.40875912408759,finite_depletion,MODELLED_constant_conditions_not_endurance_test
0.16,500,10.600000000000001,7.5,3.1000000000000014,18.580645161290313,finite_depletion,MODELLED_constant_conditions_not_endurance_test
0.16,1000,10.600000000000001,15.0,-4.399999999999999,,conditional_energy_non_depleting,MODELLED_constant_conditions_not_endurance_test
0.17,0,10.95,0.0,10.95,5.26027397260274,finite_depletion,MODELLED_constant_conditions_not_endurance_test
0.17,250,10.95,3.75,7.199999999999999,8.000000000000002,finite_depletion,MODELLED_constant_conditions_not_endurance_test
0.17,500,10.95,7.5,3.4499999999999993,16.695652173913047,finite_depletion,MODELLED_constant_conditions_not_endurance_test
0.17,1000,10.95,15.0,-4.050000000000001,,conditional_energy_non_depleting,MODELLED_constant_conditions_not_endurance_test
0.18,0,11.3,0.0,11.3,5.097345132743363,finite_depletion,MODELLED_constant_conditions_not_endurance_test
0.18,250,11.3,3.75,7.550000000000001,7.629139072847682,finite_depletion,MODELLED_constant_conditions_not_endurance_test
0.18,500,11.3,7.5,3.8000000000000007,15.157894736842103,finite_depletion,MODELLED_constant_conditions_not_endurance_test
0.18,1000,11.3,15.0,-3.6999999999999993,,conditional_energy_non_depleting,MODELLED_constant_conditions_not_endurance_test
0.19,0,11.65,0.0,11.65,4.9442060085836905,finite_depletion,MODELLED_constant_conditions_not_endurance_test
0.19,250,11.65,3.75,7.9,7.291139240506329,finite_depletion,MODELLED_constant_conditions_not_endurance_test
0.19,500,11.65,7.5,4.15,13.879518072289155,finite_depletion,MODELLED_constant_conditions_not_endurance_test
0.19,1000,11.65,15.0,-3.3499999999999996,,conditional_energy_non_depleting,MODELLED_constant_conditions_not_endurance_test
0.2,0,12.0,0.0,12.0,4.8,finite_depletion,MODELLED_constant_conditions_not_endurance_test
0.2,250,12.0,3.75,8.25,6.981818181818182,finite_depletion,MODELLED_constant_conditions_not_endurance_test
0.2,500,12.0,7.5,4.5,12.8,finite_depletion,MODELLED_constant_conditions_not_endurance_test
0.2,1000,12.0,15.0,-3.0,,conditional_energy_non_depleting,MODELLED_constant_conditions_not_endurance_test
0.21,0,12.35,0.0,12.35,4.663967611336033,finite_depletion,MODELLED_constant_conditions_not_endurance_test
0.21,250,12.35,3.75,8.6,6.6976744186046515,finite_depletion,MODELLED_constant_conditions_not_endurance_test
0.21,500,12.35,7.5,4.85,11.876288659793815,finite_depletion,MODELLED_constant_conditions_not_endurance_test
0.21,1000,12.35,15.0,-2.6500000000000004,,conditional_energy_non_depleting,MODELLED_constant_conditions_not_endurance_test
0.22,0,12.7,0.0,12.7,4.535433070866142,finite_depletion,MODELLED_constant_conditions_not_endurance_test
0.22,250,12.7,3.75,8.95,6.435754189944134,finite_depletion,MODELLED_constant_conditions_not_endurance_test
0.22,500,12.7,7.5,5.199999999999999,11.076923076923078,finite_depletion,MODELLED_constant_conditions_not_endurance_test
0.22,1000,12.7,15.0,-2.3000000000000007,,conditional_energy_non_depleting,MODELLED_constant_conditions_not_endurance_test
0.23,0,13.05,0.0,13.05,4.413793103448276,finite_depletion,MODELLED_constant_conditions_not_endurance_test
0.23,250,13.05,3.75,9.3,6.193548387096774,finite_depletion,MODELLED_constant_conditions_not_endurance_test
0.23,500,13.05,7.5,5.550000000000001,10.378378378378377,finite_depletion,MODELLED_constant_conditions_not_endurance_test
0.23,1000,13.05,15.0,-1.9499999999999993,,conditional_energy_non_depleting,MODELLED_constant_conditions_not_endurance_test
0.24,0,13.4,0.0,13.4,4.298507462686567,finite_depletion,MODELLED_constant_conditions_not_endurance_test
0.24,250,13.4,3.75,9.65,5.9689119170984455,finite_depletion,MODELLED_constant_conditions_not_endurance_test
0.24,500,13.4,7.5,5.9,9.762711864406779,finite_depletion,MODELLED_constant_conditions_not_endurance_test
0.24,1000,13.4,15.0,-1.5999999999999996,,conditional_energy_non_depleting,MODELLED_constant_conditions_not_endurance_test
0.25,0,13.75,0.0,13.75,4.189090909090909,finite_depletion,MODELLED_constant_conditions_not_endurance_test
0.25,250,13.75,3.75,10.0,5.76,finite_depletion,MODELLED_constant_conditions_not_endurance_test
0.25,500,13.75,7.5,6.25,9.216000000000001,finite_depletion,MODELLED_constant_conditions_not_endurance_test
0.25,1000,13.75,15.0,-1.25,,conditional_energy_non_depleting,MODELLED_constant_conditions_not_endurance_test
0.26,0,14.1,0.0,14.1,4.085106382978724,finite_depletion,MODELLED_constant_conditions_not_endurance_test
0.26,250,14.1,3.75,10.35,5.565217391304349,finite_depletion,MODELLED_constant_conditions_not_endurance_test
0.26,500,14.1,7.5,6.6,8.727272727272728,finite_depletion,MODELLED_constant_conditions_not_endurance_test
0.26,1000,14.1,15.0,-0.9000000000000004,,conditional_energy_non_depleting,MODELLED_constant_conditions_not_endurance_test
0.27,0,14.450000000000001,0.0,14.450000000000001,3.986159169550173,finite_depletion,MODELLED_constant_conditions_not_endurance_test
0.27,250,14.450000000000001,3.75,10.700000000000001,5.383177570093458,finite_depletion,MODELLED_constant_conditions_not_endurance_test
0.27,500,14.450000000000001,7.5,6.950000000000001,8.28776978417266,finite_depletion,MODELLED_constant_conditions_not_endurance_test
0.27,1000,14.450000000000001,15.0,-0.5499999999999989,,conditional_energy_non_depleting,MODELLED_constant_conditions_not_endurance_test
0.28,0,14.8,0.0,14.8,3.8918918918918917,finite_depletion,MODELLED_constant_conditions_not_endurance_test
0.28,250,14.8,3.75,11.05,5.212669683257919,finite_depletion,MODELLED_constant_conditions_not_endurance_test
0.28,500,14.8,7.5,7.300000000000001,7.890410958904109,finite_depletion,MODELLED_constant_conditions_not_endurance_test
0.28,1000,14.8,15.0,-0.1999999999999993,,conditional_energy_non_depleting,MODELLED_constant_conditions_not_endurance_test
0.29,0,15.149999999999999,0.0,15.149999999999999,3.8019801980198022,finite_depletion,MODELLED_constant_conditions_not_endurance_test
0.29,250,15.149999999999999,3.75,11.399999999999999,5.052631578947369,finite_depletion,MODELLED_constant_conditions_not_endurance_test
0.29,500,15.149999999999999,7.5,7.649999999999999,7.529411764705884,finite_depletion,MODELLED_constant_conditions_not_endurance_test
0.29,1000,15.149999999999999,15.0,0.14999999999999858,384.00000000000364,finite_depletion,MODELLED_constant_conditions_not_endurance_test
0.3,0,15.5,0.0,15.5,3.7161290322580647,finite_depletion,MODELLED_constant_conditions_not_endurance_test
0.3,250,15.5,3.75,11.75,4.902127659574468,finite_depletion,MODELLED_constant_conditions_not_endurance_test
0.3,500,15.5,7.5,8.0,7.2,finite_depletion,MODELLED_constant_conditions_not_endurance_test
0.3,1000,15.5,15.0,0.5,115.2,finite_depletion,MODELLED_constant_conditions_not_endurance_test
0.31,0,15.85,0.0,15.85,3.634069400630915,finite_depletion,MODELLED_constant_conditions_not_endurance_test
0.31,250,15.85,3.75,12.1,4.760330578512397,finite_depletion,MODELLED_constant_conditions_not_endurance_test
0.31,500,15.85,7.5,8.35,6.8982035928143715,finite_depletion,MODELLED_constant_conditions_not_endurance_test
0.31,1000,15.85,15.0,0.8499999999999996,67.76470588235297,finite_depletion,MODELLED_constant_conditions_not_endurance_test
0.32,0,16.200000000000003,0.0,16.200000000000003,3.555555555555555,finite_depletion,MODELLED_constant_conditions_not_endurance_test
0.32,250,16.200000000000003,3.75,12.450000000000003,4.6265060240963845,finite_depletion,MODELLED_constant_conditions_not_endurance_test
0.32,500,16.200000000000003,7.5,8.700000000000003,6.620689655172412,finite_depletion,MODELLED_constant_conditions_not_endurance_test
0.32,1000,16.200000000000003,15.0,1.2000000000000028,47.999999999999886,finite_depletion,MODELLED_constant_conditions_not_endurance_test
0.33,0,16.55,0.0,16.55,3.4803625377643503,finite_depletion,MODELLED_constant_conditions_not_endurance_test
0.33,250,16.55,3.75,12.8,4.5,finite_depletion,MODELLED_constant_conditions_not_endurance_test
0.33,500,16.55,7.5,9.05,6.3646408839779,finite_depletion,MODELLED_constant_conditions_not_endurance_test
0.33,1000,16.55,15.0,1.5500000000000007,37.161290322580626,finite_depletion,MODELLED_constant_conditions_not_endurance_test
0.34,0,16.9,0.0,16.9,3.4082840236686396,finite_depletion,MODELLED_constant_conditions_not_endurance_test
0.34,250,16.9,3.75,13.149999999999999,4.380228136882129,finite_depletion,MODELLED_constant_conditions_not_endurance_test
0.34,500,16.9,7.5,9.399999999999999,6.127659574468086,finite_depletion,MODELLED_constant_conditions_not_endurance_test
0.34,1000,16.9,15.0,1.8999999999999986,30.315789473684234,finite_depletion,MODELLED_constant_conditions_not_endurance_test
0.35,0,17.25,0.0,17.25,3.339130434782609,finite_depletion,MODELLED_constant_conditions_not_endurance_test
0.35,250,17.25,3.75,13.5,4.266666666666667,finite_depletion,MODELLED_constant_conditions_not_endurance_test
0.35,500,17.25,7.5,9.75,5.907692307692308,finite_depletion,MODELLED_constant_conditions_not_endurance_test
0.35,1000,17.25,15.0,2.25,25.6,finite_depletion,MODELLED_constant_conditions_not_endurance_test
0.36,0,17.6,0.0,17.6,3.2727272727272725,finite_depletion,MODELLED_constant_conditions_not_endurance_test
0.36,250,17.6,3.75,13.850000000000001,4.15884476534296,finite_depletion,MODELLED_constant_conditions_not_endurance_test
0.36,500,17.6,7.5,10.100000000000001,5.702970297029703,finite_depletion,MODELLED_constant_conditions_not_endurance_test
0.36,1000,17.6,15.0,2.6000000000000014,22.153846153846143,finite_depletion,MODELLED_constant_conditions_not_endurance_test
0.37,0,17.95,0.0,17.95,3.20891364902507,finite_depletion,MODELLED_constant_conditions_not_endurance_test
0.37,250,17.95,3.75,14.2,4.056338028169014,finite_depletion,MODELLED_constant_conditions_not_endurance_test
0.37,500,17.95,7.5,10.45,5.511961722488039,finite_depletion,MODELLED_constant_conditions_not_endurance_test
0.37,1000,17.95,15.0,2.9499999999999993,19.525423728813564,finite_depletion,MODELLED_constant_conditions_not_endurance_test
0.38,0,18.3,0.0,18.3,3.1475409836065573,finite_depletion,MODELLED_constant_conditions_not_endurance_test
0.38,250,18.3,3.75,14.55,3.958762886597938,finite_depletion,MODELLED_constant_conditions_not_endurance_test
0.38,500,18.3,7.5,10.8,5.333333333333333,finite_depletion,MODELLED_constant_conditions_not_endurance_test
0.38,1000,18.3,15.0,3.3000000000000007,17.45454545454545,finite_depletion,MODELLED_constant_conditions_not_endurance_test
0.39,0,18.65,0.0,18.65,3.088471849865952,finite_depletion,MODELLED_constant_conditions_not_endurance_test
0.39,250,18.65,3.75,14.899999999999999,3.8657718120805376,finite_depletion,MODELLED_constant_conditions_not_endurance_test
0.39,500,18.65,7.5,11.149999999999999,5.1659192825112115,finite_depletion,MODELLED_constant_conditions_not_endurance_test
0.39,1000,18.65,15.0,3.6499999999999986,15.780821917808225,finite_depletion,MODELLED_constant_conditions_not_endurance_test
0.4,0,19.0,0.0,19.0,3.031578947368421,finite_depletion,MODELLED_constant_conditions_not_endurance_test
0.4,250,19.0,3.75,15.25,3.777049180327869,finite_depletion,MODELLED_constant_conditions_not_endurance_test
0.4,500,19.0,7.5,11.5,5.008695652173913,finite_depletion,MODELLED_constant_conditions_not_endurance_test
0.4,1000,19.0,15.0,4.0,14.4,finite_depletion,MODELLED_constant_conditions_not_endurance_test
0.41,0,19.35,0.0,19.35,2.9767441860465116,finite_depletion,MODELLED_constant_conditions_not_endurance_test
0.41,250,19.35,3.75,15.600000000000001,3.692307692307692,finite_depletion,MODELLED_constant_conditions_not_endurance_test
0.41,500,19.35,7.5,11.850000000000001,4.860759493670885,finite_depletion,MODELLED_constant_conditions_not_endurance_test
0.41,1000,19.35,15.0,4.350000000000001,13.241379310344824,finite_depletion,MODELLED_constant_conditions_not_endurance_test
0.42,0,19.7,0.0,19.7,2.923857868020305,finite_depletion,MODELLED_constant_conditions_not_endurance_test
0.42,250,19.7,3.75,15.95,3.6112852664576804,finite_depletion,MODELLED_constant_conditions_not_endurance_test
0.42,500,19.7,7.5,12.2,4.721311475409837,finite_depletion,MODELLED_constant_conditions_not_endurance_test
0.42,1000,19.7,15.0,4.699999999999999,12.255319148936172,finite_depletion,MODELLED_constant_conditions_not_endurance_test
0.43,0,20.049999999999997,0.0,20.049999999999997,2.87281795511222,finite_depletion,MODELLED_constant_conditions_not_endurance_test
0.43,250,20.049999999999997,3.75,16.299999999999997,3.5337423312883445,finite_depletion,MODELLED_constant_conditions_not_endurance_test
0.43,500,20.049999999999997,7.5,12.549999999999997,4.5896414342629495,finite_depletion,MODELLED_constant_conditions_not_endurance_test
0.43,1000,20.049999999999997,15.0,5.049999999999997,11.405940594059413,finite_depletion,MODELLED_constant_conditions_not_endurance_test
0.44,0,20.4,0.0,20.4,2.823529411764706,finite_depletion,MODELLED_constant_conditions_not_endurance_test
0.44,250,20.4,3.75,16.65,3.4594594594594597,finite_depletion,MODELLED_constant_conditions_not_endurance_test
0.44,500,20.4,7.5,12.899999999999999,4.465116279069768,finite_depletion,MODELLED_constant_conditions_not_endurance_test
0.44,1000,20.4,15.0,5.399999999999999,10.66666666666667,finite_depletion,MODELLED_constant_conditions_not_endurance_test
0.45,0,20.75,0.0,20.75,2.7759036144578313,finite_depletion,MODELLED_constant_conditions_not_endurance_test
0.45,250,20.75,3.75,17.0,3.388235294117647,finite_depletion,MODELLED_constant_conditions_not_endurance_test
0.45,500,20.75,7.5,13.25,4.347169811320755,finite_depletion,MODELLED_constant_conditions_not_endurance_test
0.45,1000,20.75,15.0,5.75,10.017391304347827,finite_depletion,MODELLED_constant_conditions_not_endurance_test
0.46,0,21.1,0.0,21.1,2.729857819905213,finite_depletion,MODELLED_constant_conditions_not_endurance_test
0.46,250,21.1,3.75,17.35,3.3198847262247835,finite_depletion,MODELLED_constant_conditions_not_endurance_test
0.46,500,21.1,7.5,13.600000000000001,4.235294117647059,finite_depletion,MODELLED_constant_conditions_not_endurance_test
0.46,1000,21.1,15.0,6.100000000000001,9.44262295081967,finite_depletion,MODELLED_constant_conditions_not_endurance_test
0.47,0,21.45,0.0,21.45,2.6853146853146854,finite_depletion,MODELLED_constant_conditions_not_endurance_test
0.47,250,21.45,3.75,17.7,3.2542372881355934,finite_depletion,MODELLED_constant_conditions_not_endurance_test
0.47,500,21.45,7.5,13.95,4.129032258064516,finite_depletion,MODELLED_constant_conditions_not_endurance_test
0.47,1000,21.45,15.0,6.449999999999999,8.930232558139537,finite_depletion,MODELLED_constant_conditions_not_endurance_test
0.48,0,21.8,0.0,21.8,2.6422018348623855,finite_depletion,MODELLED_constant_conditions_not_endurance_test
0.48,250,21.8,3.75,18.05,3.1911357340720223,finite_depletion,MODELLED_constant_conditions_not_endurance_test
0.48,500,21.8,7.5,14.3,4.0279720279720275,finite_depletion,MODELLED_constant_conditions_not_endurance_test
0.48,1000,21.8,15.0,6.800000000000001,8.470588235294118,finite_depletion,MODELLED_constant_conditions_not_endurance_test
0.49,0,22.15,0.0,22.15,2.6004514672686234,finite_depletion,MODELLED_constant_conditions_not_endurance_test
0.49,250,22.15,3.75,18.4,3.130434782608696,finite_depletion,MODELLED_constant_conditions_not_endurance_test
0.49,500,22.15,7.5,14.649999999999999,3.9317406143344713,finite_depletion,MODELLED_constant_conditions_not_endurance_test
0.49,1000,22.15,15.0,7.149999999999999,8.055944055944058,finite_depletion,MODELLED_constant_conditions_not_endurance_test
0.5,0,22.5,0.0,22.5,2.56,finite_depletion,MODELLED_constant_conditions_not_endurance_test
0.5,250,22.5,3.75,18.75,3.072,finite_depletion,MODELLED_constant_conditions_not_endurance_test
0.5,500,22.5,7.5,15.0,3.8400000000000003,finite_depletion,MODELLED_constant_conditions_not_endurance_test
0.5,1000,22.5,15.0,7.5,7.680000000000001,finite_depletion,MODELLED_constant_conditions_not_endurance_test
0.51,0,22.85,0.0,22.85,2.520787746170678,finite_depletion,MODELLED_constant_conditions_not_endurance_test
0.51,250,22.85,3.75,19.1,3.015706806282722,finite_depletion,MODELLED_constant_conditions_not_endurance_test
0.51,500,22.85,7.5,15.350000000000001,3.752442996742671,finite_depletion,MODELLED_constant_conditions_not_endurance_test
0.51,1000,22.85,15.0,7.850000000000001,7.337579617834394,finite_depletion,MODELLED_constant_conditions_not_endurance_test
0.52,0,23.2,0.0,23.2,2.4827586206896552,finite_depletion,MODELLED_constant_conditions_not_endurance_test
0.52,250,23.2,3.75,19.45,2.9614395886889464,finite_depletion,MODELLED_constant_conditions_not_endurance_test
0.52,500,23.2,7.5,15.7,3.6687898089171975,finite_depletion,MODELLED_constant_conditions_not_endurance_test
0.52,1000,23.2,15.0,8.2,7.02439024390244,finite_depletion,MODELLED_constant_conditions_not_endurance_test
0.53,0,23.55,0.0,23.55,2.445859872611465,finite_depletion,MODELLED_constant_conditions_not_endurance_test
0.53,250,23.55,3.75,19.8,2.909090909090909,finite_depletion,MODELLED_constant_conditions_not_endurance_test
0.53,500,23.55,7.5,16.05,3.588785046728972,finite_depletion,MODELLED_constant_conditions_not_endurance_test
0.53,1000,23.55,15.0,8.55,6.7368421052631575,finite_depletion,MODELLED_constant_conditions_not_endurance_test
0.54,0,23.900000000000002,0.0,23.900000000000002,2.4100418410041837,finite_depletion,MODELLED_constant_conditions_not_endurance_test
0.54,250,23.900000000000002,3.75,20.150000000000002,2.858560794044665,finite_depletion,MODELLED_constant_conditions_not_endurance_test
0.54,500,23.900000000000002,7.5,16.400000000000002,3.512195121951219,finite_depletion,MODELLED_constant_conditions_not_endurance_test
0.54,1000,23.900000000000002,15.0,8.900000000000002,6.4719101123595495,finite_depletion,MODELLED_constant_conditions_not_endurance_test
0.55,0,24.25,0.0,24.25,2.375257731958763,finite_depletion,MODELLED_constant_conditions_not_endurance_test
0.55,250,24.25,3.75,20.5,2.809756097560976,finite_depletion,MODELLED_constant_conditions_not_endurance_test
0.55,500,24.25,7.5,16.75,3.4388059701492537,finite_depletion,MODELLED_constant_conditions_not_endurance_test
0.55,1000,24.25,15.0,9.25,6.227027027027027,finite_depletion,MODELLED_constant_conditions_not_endurance_test
0.56,0,24.6,0.0,24.6,2.341463414634146,finite_depletion,MODELLED_constant_conditions_not_endurance_test
0.56,250,24.6,3.75,20.85,2.7625899280575537,finite_depletion,MODELLED_constant_conditions_not_endurance_test
0.56,500,24.6,7.5,17.1,3.3684210526315788,finite_depletion,MODELLED_constant_conditions_not_endurance_test
0.56,1000,24.6,15.0,9.600000000000001,5.999999999999999,finite_depletion,MODELLED_constant_conditions_not_endurance_test
0.57,0,24.95,0.0,24.95,2.308617234468938,finite_depletion,MODELLED_constant_conditions_not_endurance_test
0.57,250,24.95,3.75,21.2,2.716981132075472,finite_depletion,MODELLED_constant_conditions_not_endurance_test
0.57,500,24.95,7.5,17.45,3.3008595988538683,finite_depletion,MODELLED_constant_conditions_not_endurance_test
0.57,1000,24.95,15.0,9.95,5.788944723618091,finite_depletion,MODELLED_constant_conditions_not_endurance_test
0.58,0,25.299999999999997,0.0,25.299999999999997,2.2766798418972334,finite_depletion,MODELLED_constant_conditions_not_endurance_test
0.58,250,25.299999999999997,3.75,21.549999999999997,2.672853828306265,finite_depletion,MODELLED_constant_conditions_not_endurance_test
0.58,500,25.299999999999997,7.5,17.799999999999997,3.235955056179776,finite_depletion,MODELLED_constant_conditions_not_endurance_test
0.58,1000,25.299999999999997,15.0,10.299999999999997,5.59223300970874,finite_depletion,MODELLED_constant_conditions_not_endurance_test
0.59,0,25.65,0.0,25.65,2.2456140350877196,finite_depletion,MODELLED_constant_conditions_not_endurance_test
0.59,250,25.65,3.75,21.9,2.63013698630137,finite_depletion,MODELLED_constant_conditions_not_endurance_test
0.59,500,25.65,7.5,18.15,3.173553719008265,finite_depletion,MODELLED_constant_conditions_not_endurance_test
0.59,1000,25.65,15.0,10.649999999999999,5.408450704225353,finite_depletion,MODELLED_constant_conditions_not_endurance_test
0.6,0,26.0,0.0,26.0,2.2153846153846155,finite_depletion,MODELLED_constant_conditions_not_endurance_test
0.6,250,26.0,3.75,22.25,2.5887640449438205,finite_depletion,MODELLED_constant_conditions_not_endurance_test
0.6,500,26.0,7.5,18.5,3.1135135135135137,finite_depletion,MODELLED_constant_conditions_not_endurance_test
0.6,1000,26.0,15.0,11.0,5.236363636363636,finite_depletion,MODELLED_constant_conditions_not_endurance_test
0.61,0,26.349999999999998,0.0,26.349999999999998,2.18595825426945,finite_depletion,MODELLED_constant_conditions_not_endurance_test
0.61,250,26.349999999999998,3.75,22.599999999999998,2.548672566371682,finite_depletion,MODELLED_constant_conditions_not_endurance_test
0.61,500,26.349999999999998,7.5,18.849999999999998,3.0557029177718835,finite_depletion,MODELLED_constant_conditions_not_endurance_test
0.61,1000,26.349999999999998,15.0,11.349999999999998,5.074889867841411,finite_depletion,MODELLED_constant_conditions_not_endurance_test
0.62,0,26.7,0.0,26.7,2.157303370786517,finite_depletion,MODELLED_constant_conditions_not_endurance_test
0.62,250,26.7,3.75,22.95,2.5098039215686274,finite_depletion,MODELLED_constant_conditions_not_endurance_test
0.62,500,26.7,7.5,19.2,3.0,finite_depletion,MODELLED_constant_conditions_not_endurance_test
0.62,1000,26.7,15.0,11.7,4.923076923076923,finite_depletion,MODELLED_constant_conditions_not_endurance_test
0.63,0,27.05,0.0,27.05,2.129390018484288,finite_depletion,MODELLED_constant_conditions_not_endurance_test
0.63,250,27.05,3.75,23.3,2.4721030042918453,finite_depletion,MODELLED_constant_conditions_not_endurance_test
0.63,500,27.05,7.5,19.55,2.946291560102302,finite_depletion,MODELLED_constant_conditions_not_endurance_test
0.63,1000,27.05,15.0,12.05,4.780082987551867,finite_depletion,MODELLED_constant_conditions_not_endurance_test
0.64,0,27.400000000000002,0.0,27.400000000000002,2.102189781021898,finite_depletion,MODELLED_constant_conditions_not_endurance_test
0.64,250,27.400000000000002,3.75,23.650000000000002,2.4355179704016914,finite_depletion,MODELLED_constant_conditions_not_endurance_test
0.64,500,27.400000000000002,7.5,19.900000000000002,2.894472361809045,finite_depletion,MODELLED_constant_conditions_not_endurance_test
0.64,1000,27.400000000000002,15.0,12.400000000000002,4.64516129032258,finite_depletion,MODELLED_constant_conditions_not_endurance_test
0.65,0,27.75,0.0,27.75,2.075675675675676,finite_depletion,MODELLED_constant_conditions_not_endurance_test
0.65,250,27.75,3.75,24.0,2.4,finite_depletion,MODELLED_constant_conditions_not_endurance_test
0.65,500,27.75,7.5,20.25,2.8444444444444446,finite_depletion,MODELLED_constant_conditions_not_endurance_test
0.65,1000,27.75,15.0,12.75,4.517647058823529,finite_depletion,MODELLED_constant_conditions_not_endurance_test
0.66,0,28.1,0.0,28.1,2.0498220640569396,finite_depletion,MODELLED_constant_conditions_not_endurance_test
0.66,250,28.1,3.75,24.35,2.3655030800821355,finite_depletion,MODELLED_constant_conditions_not_endurance_test
0.66,500,28.1,7.5,20.6,2.796116504854369,finite_depletion,MODELLED_constant_conditions_not_endurance_test
0.66,1000,28.1,15.0,13.100000000000001,4.3969465648854955,finite_depletion,MODELLED_constant_conditions_not_endurance_test
0.67,0,28.450000000000003,0.0,28.450000000000003,2.024604569420035,finite_depletion,MODELLED_constant_conditions_not_endurance_test
0.67,250,28.450000000000003,3.75,24.700000000000003,2.331983805668016,finite_depletion,MODELLED_constant_conditions_not_endurance_test
0.67,500,28.450000000000003,7.5,20.950000000000003,2.7494033412887826,finite_depletion,MODELLED_constant_conditions_not_endurance_test
0.67,1000,28.450000000000003,15.0,13.450000000000003,4.282527881040892,finite_depletion,MODELLED_constant_conditions_not_endurance_test
0.68,0,28.8,0.0,28.8,2.0,finite_depletion,MODELLED_constant_conditions_not_endurance_test
0.68,250,28.8,3.75,25.05,2.2994011976047903,finite_depletion,MODELLED_constant_conditions_not_endurance_test
0.68,500,28.8,7.5,21.3,2.704225352112676,finite_depletion,MODELLED_constant_conditions_not_endurance_test
0.68,1000,28.8,15.0,13.8,4.173913043478261,finite_depletion,MODELLED_constant_conditions_not_endurance_test
0.69,0,29.15,0.0,29.15,1.9759862778730706,finite_depletion,MODELLED_constant_conditions_not_endurance_test
0.69,250,29.15,3.75,25.4,2.267716535433071,finite_depletion,MODELLED_constant_conditions_not_endurance_test
0.69,500,29.15,7.5,21.65,2.660508083140878,finite_depletion,MODELLED_constant_conditions_not_endurance_test
0.69,1000,29.15,15.0,14.149999999999999,4.070671378091873,finite_depletion,MODELLED_constant_conditions_not_endurance_test
0.7,0,29.5,0.0,29.5,1.952542372881356,finite_depletion,MODELLED_constant_conditions_not_endurance_test
0.7,250,29.5,3.75,25.75,2.236893203883495,finite_depletion,MODELLED_constant_conditions_not_endurance_test
0.7,500,29.5,7.5,22.0,2.618181818181818,finite_depletion,MODELLED_constant_conditions_not_endurance_test
0.7,1000,29.5,15.0,14.5,3.972413793103448,finite_depletion,MODELLED_constant_conditions_not_endurance_test
0.71,0,29.849999999999998,0.0,29.849999999999998,1.9296482412060303,finite_depletion,MODELLED_constant_conditions_not_endurance_test
0.71,250,29.849999999999998,3.75,26.099999999999998,2.2068965517241383,finite_depletion,MODELLED_constant_conditions_not_endurance_test
0.71,500,29.849999999999998,7.5,22.349999999999998,2.5771812080536916,finite_depletion,MODELLED_constant_conditions_not_endurance_test
0.71,1000,29.849999999999998,15.0,14.849999999999998,3.8787878787878793,finite_depletion,MODELLED_constant_conditions_not_endurance_test
0.72,0,30.2,0.0,30.2,1.9072847682119207,finite_depletion,MODELLED_constant_conditions_not_endurance_test
0.72,250,30.2,3.75,26.45,2.1776937618147447,finite_depletion,MODELLED_constant_conditions_not_endurance_test
0.72,500,30.2,7.5,22.7,2.537444933920705,finite_depletion,MODELLED_constant_conditions_not_endurance_test
0.72,1000,30.2,15.0,15.2,3.7894736842105265,finite_depletion,MODELLED_constant_conditions_not_endurance_test
0.73,0,30.55,0.0,30.55,1.8854337152209493,finite_depletion,MODELLED_constant_conditions_not_endurance_test
0.73,250,30.55,3.75,26.8,2.1492537313432836,finite_depletion,MODELLED_constant_conditions_not_endurance_test
0.73,500,30.55,7.5,23.05,2.4989154013015185,finite_depletion,MODELLED_constant_conditions_not_endurance_test
0.73,1000,30.55,15.0,15.55,3.7041800643086815,finite_depletion,MODELLED_constant_conditions_not_endurance_test
0.74,0,30.9,0.0,30.9,1.8640776699029127,finite_depletion,MODELLED_constant_conditions_not_endurance_test
0.74,250,30.9,3.75,27.15,2.121546961325967,finite_depletion,MODELLED_constant_conditions_not_endurance_test
0.74,500,30.9,7.5,23.4,2.4615384615384617,finite_depletion,MODELLED_constant_conditions_not_endurance_test
0.74,1000,30.9,15.0,15.899999999999999,3.622641509433963,finite_depletion,MODELLED_constant_conditions_not_endurance_test
0.75,0,31.25,0.0,31.25,1.8432,finite_depletion,MODELLED_constant_conditions_not_endurance_test
0.75,250,31.25,3.75,27.5,2.0945454545454547,finite_depletion,MODELLED_constant_conditions_not_endurance_test
0.75,500,31.25,7.5,23.75,2.425263157894737,finite_depletion,MODELLED_constant_conditions_not_endurance_test
0.75,1000,31.25,15.0,16.25,3.5446153846153847,finite_depletion,MODELLED_constant_conditions_not_endurance_test
0.76,0,31.6,0.0,31.6,1.8227848101265822,finite_depletion,MODELLED_constant_conditions_not_endurance_test
0.76,250,31.6,3.75,27.85,2.068222621184919,finite_depletion,MODELLED_constant_conditions_not_endurance_test
0.76,500,31.6,7.5,24.1,2.3900414937759336,finite_depletion,MODELLED_constant_conditions_not_endurance_test
0.76,1000,31.6,15.0,16.6,3.469879518072289,finite_depletion,MODELLED_constant_conditions_not_endurance_test
0.77,0,31.95,0.0,31.95,1.8028169014084507,finite_depletion,MODELLED_constant_conditions_not_endurance_test
0.77,250,31.95,3.75,28.2,2.042553191489362,finite_depletion,MODELLED_constant_conditions_not_endurance_test
0.77,500,31.95,7.5,24.45,2.355828220858896,finite_depletion,MODELLED_constant_conditions_not_endurance_test
0.77,1000,31.95,15.0,16.95,3.3982300884955756,finite_depletion,MODELLED_constant_conditions_not_endurance_test
0.78,0,32.3,0.0,32.3,1.7832817337461302,finite_depletion,MODELLED_constant_conditions_not_endurance_test
0.78,250,32.3,3.75,28.549999999999997,2.017513134851139,finite_depletion,MODELLED_constant_conditions_not_endurance_test
0.78,500,32.3,7.5,24.799999999999997,2.3225806451612905,finite_depletion,MODELLED_constant_conditions_not_endurance_test
0.78,1000,32.3,15.0,17.299999999999997,3.3294797687861277,finite_depletion,MODELLED_constant_conditions_not_endurance_test
0.79,0,32.650000000000006,0.0,32.650000000000006,1.7641653905053596,finite_depletion,MODELLED_constant_conditions_not_endurance_test
0.79,250,32.650000000000006,3.75,28.900000000000006,1.9930795847750862,finite_depletion,MODELLED_constant_conditions_not_endurance_test
0.79,500,32.650000000000006,7.5,25.150000000000006,2.2902584493041744,finite_depletion,MODELLED_constant_conditions_not_endurance_test
0.79,1000,32.650000000000006,15.0,17.650000000000006,3.263456090651557,finite_depletion,MODELLED_constant_conditions_not_endurance_test
0.8,0,33.0,0.0,33.0,1.7454545454545456,finite_depletion,MODELLED_constant_conditions_not_endurance_test
0.8,250,33.0,3.75,29.25,1.9692307692307693,finite_depletion,MODELLED_constant_conditions_not_endurance_test
0.8,500,33.0,7.5,25.5,2.2588235294117647,finite_depletion,MODELLED_constant_conditions_not_endurance_test
0.8,1000,33.0,15.0,18.0,3.2,finite_depletion,MODELLED_constant_conditions_not_endurance_test
0.81,0,33.35,0.0,33.35,1.7271364317841078,finite_depletion,MODELLED_constant_conditions_not_endurance_test
0.81,250,33.35,3.75,29.6,1.9459459459459458,finite_depletion,MODELLED_constant_conditions_not_endurance_test
0.81,500,33.35,7.5,25.85,2.228239845261122,finite_depletion,MODELLED_constant_conditions_not_endurance_test
0.81,1000,33.35,15.0,18.35,3.1389645776566755,finite_depletion,MODELLED_constant_conditions_not_endurance_test
0.82,0,33.7,0.0,33.7,1.7091988130563798,finite_depletion,MODELLED_constant_conditions_not_endurance_test
0.82,250,33.7,3.75,29.950000000000003,1.9232053422370616,finite_depletion,MODELLED_constant_conditions_not_endurance_test
0.82,500,33.7,7.5,26.200000000000003,2.1984732824427478,finite_depletion,MODELLED_constant_conditions_not_endurance_test
0.82,1000,33.7,15.0,18.700000000000003,3.080213903743315,finite_depletion,MODELLED_constant_conditions_not_endurance_test
0.83,0,34.05,0.0,34.05,1.6916299559471368,finite_depletion,MODELLED_constant_conditions_not_endurance_test
0.83,250,34.05,3.75,30.299999999999997,1.9009900990099011,finite_depletion,MODELLED_constant_conditions_not_endurance_test
0.83,500,34.05,7.5,26.549999999999997,2.1694915254237293,finite_depletion,MODELLED_constant_conditions_not_endurance_test
0.83,1000,34.05,15.0,19.049999999999997,3.023622047244095,finite_depletion,MODELLED_constant_conditions_not_endurance_test
0.84,0,34.4,0.0,34.4,1.6744186046511629,finite_depletion,MODELLED_constant_conditions_not_endurance_test
0.84,250,34.4,3.75,30.65,1.8792822185970637,finite_depletion,MODELLED_constant_conditions_not_endurance_test
0.84,500,34.4,7.5,26.9,2.1412639405204463,finite_depletion,MODELLED_constant_conditions_not_endurance_test
0.84,1000,34.4,15.0,19.4,2.9690721649484537,finite_depletion,MODELLED_constant_conditions_not_endurance_test
0.85,0,34.75,0.0,34.75,1.6575539568345323,finite_depletion,MODELLED_constant_conditions_not_endurance_test
0.85,250,34.75,3.75,31.0,1.8580645161290323,finite_depletion,MODELLED_constant_conditions_not_endurance_test
0.85,500,34.75,7.5,27.25,2.1137614678899084,finite_depletion,MODELLED_constant_conditions_not_endurance_test
0.85,1000,34.75,15.0,19.75,2.9164556962025316,finite_depletion,MODELLED_constant_conditions_not_endurance_test
0.86,0,35.099999999999994,0.0,35.099999999999994,1.6410256410256414,finite_depletion,MODELLED_constant_conditions_not_endurance_test
0.86,250,35.099999999999994,3.75,31.349999999999994,1.83732057416268,finite_depletion,MODELLED_constant_conditions_not_endurance_test
0.86,500,35.099999999999994,7.5,27.599999999999994,2.086956521739131,finite_depletion,MODELLED_constant_conditions_not_endurance_test
0.86,1000,35.099999999999994,15.0,20.099999999999994,2.8656716417910455,finite_depletion,MODELLED_constant_conditions_not_endurance_test
0.87,0,35.45,0.0,35.45,1.624823695345557,finite_depletion,MODELLED_constant_conditions_not_endurance_test
0.87,250,35.45,3.75,31.700000000000003,1.8170347003154572,finite_depletion,MODELLED_constant_conditions_not_endurance_test
0.87,500,35.45,7.5,27.950000000000003,2.0608228980322,finite_depletion,MODELLED_constant_conditions_not_endurance_test
0.87,1000,35.45,15.0,20.450000000000003,2.8166259168704153,finite_depletion,MODELLED_constant_conditions_not_endurance_test
0.88,0,35.8,0.0,35.8,1.6089385474860336,finite_depletion,MODELLED_constant_conditions_not_endurance_test
0.88,250,35.8,3.75,32.05,1.7971918876755073,finite_depletion,MODELLED_constant_conditions_not_endurance_test
0.88,500,35.8,7.5,28.299999999999997,2.0353356890459366,finite_depletion,MODELLED_constant_conditions_not_endurance_test
0.88,1000,35.8,15.0,20.799999999999997,2.7692307692307696,finite_depletion,MODELLED_constant_conditions_not_endurance_test
0.89,0,36.150000000000006,0.0,36.150000000000006,1.5933609958506223,finite_depletion,MODELLED_constant_conditions_not_endurance_test
0.89,250,36.150000000000006,3.75,32.400000000000006,1.7777777777777775,finite_depletion,MODELLED_constant_conditions_not_endurance_test
0.89,500,36.150000000000006,7.5,28.650000000000006,2.010471204188481,finite_depletion,MODELLED_constant_conditions_not_endurance_test
0.89,1000,36.150000000000006,15.0,21.150000000000006,2.7234042553191484,finite_depletion,MODELLED_constant_conditions_not_endurance_test
0.9,0,36.5,0.0,36.5,1.5780821917808219,finite_depletion,MODELLED_constant_conditions_not_endurance_test
0.9,250,36.5,3.75,32.75,1.7587786259541984,finite_depletion,MODELLED_constant_conditions_not_endurance_test
0.9,500,36.5,7.5,29.0,1.986206896551724,finite_depletion,MODELLED_constant_conditions_not_endurance_test
0.9,1000,36.5,15.0,21.5,2.6790697674418604,finite_depletion,MODELLED_constant_conditions_not_endurance_test
0.91,0,36.85,0.0,36.85,1.5630936227951153,finite_depletion,MODELLED_constant_conditions_not_endurance_test
0.91,250,36.85,3.75,33.1,1.7401812688821752,finite_depletion,MODELLED_constant_conditions_not_endurance_test
0.91,500,36.85,7.5,29.35,1.9625212947189097,finite_depletion,MODELLED_constant_conditions_not_endurance_test
0.91,1000,36.85,15.0,21.85,2.6361556064073226,finite_depletion,MODELLED_constant_conditions_not_endurance_test
0.92,0,37.2,0.0,37.2,1.5483870967741935,finite_depletion,MODELLED_constant_conditions_not_endurance_test
0.92,250,37.2,3.75,33.45,1.7219730941704035,finite_depletion,MODELLED_constant_conditions_not_endurance_test
0.92,500,37.2,7.5,29.700000000000003,1.9393939393939392,finite_depletion,MODELLED_constant_conditions_not_endurance_test
0.92,1000,37.2,15.0,22.200000000000003,2.5945945945945943,finite_depletion,MODELLED_constant_conditions_not_endurance_test
0.93,0,37.550000000000004,0.0,37.550000000000004,1.5339547270306257,finite_depletion,MODELLED_constant_conditions_not_endurance_test
0.93,250,37.550000000000004,3.75,33.800000000000004,1.7041420118343193,finite_depletion,MODELLED_constant_conditions_not_endurance_test
0.93,500,37.550000000000004,7.5,30.050000000000004,1.9168053244592345,finite_depletion,MODELLED_constant_conditions_not_endurance_test
0.93,1000,37.550000000000004,15.0,22.550000000000004,2.554323725055432,finite_depletion,MODELLED_constant_conditions_not_endurance_test
0.94,0,37.9,0.0,37.9,1.5197889182058049,finite_depletion,MODELLED_constant_conditions_not_endurance_test
0.94,250,37.9,3.75,34.15,1.6866764275256223,finite_depletion,MODELLED_constant_conditions_not_endurance_test
0.94,500,37.9,7.5,30.4,1.8947368421052633,finite_depletion,MODELLED_constant_conditions_not_endurance_test
0.94,1000,37.9,15.0,22.9,2.51528384279476,finite_depletion,MODELLED_constant_conditions_not_endurance_test
0.95,0,38.25,0.0,38.25,1.5058823529411764,finite_depletion,MODELLED_constant_conditions_not_endurance_test
0.95,250,38.25,3.75,34.5,1.6695652173913045,finite_depletion,MODELLED_constant_conditions_not_endurance_test
0.95,500,38.25,7.5,30.75,1.8731707317073172,finite_depletion,MODELLED_constant_conditions_not_endurance_test
0.95,1000,38.25,15.0,23.25,2.47741935483871,finite_depletion,MODELLED_constant_conditions_not_endurance_test
0.96,0,38.6,0.0,38.6,1.4922279792746114,finite_depletion,MODELLED_constant_conditions_not_endurance_test
0.96,250,38.6,3.75,34.85,1.6527977044476327,finite_depletion,MODELLED_constant_conditions_not_endurance_test
0.96,500,38.6,7.5,31.1,1.8520900321543408,finite_depletion,MODELLED_constant_conditions_not_endurance_test
0.96,1000,38.6,15.0,23.6,2.4406779661016946,finite_depletion,MODELLED_constant_conditions_not_endurance_test
0.97,0,38.949999999999996,0.0,38.949999999999996,1.4788189987163032,finite_depletion,MODELLED_constant_conditions_not_endurance_test
0.97,250,38.949999999999996,3.75,35.199999999999996,1.6363636363636367,finite_depletion,MODELLED_constant_conditions_not_endurance_test
0.97,500,38.949999999999996,7.5,31.449999999999996,1.8314785373608906,finite_depletion,MODELLED_constant_conditions_not_endurance_test
0.97,1000,38.949999999999996,15.0,23.949999999999996,2.4050104384133615,finite_depletion,MODELLED_constant_conditions_not_endurance_test
0.98,0,39.3,0.0,39.3,1.4656488549618323,finite_depletion,MODELLED_constant_conditions_not_endurance_test
0.98,250,39.3,3.75,35.55,1.6202531645569622,finite_depletion,MODELLED_constant_conditions_not_endurance_test
0.98,500,39.3,7.5,31.799999999999997,1.8113207547169814,finite_depletion,MODELLED_constant_conditions_not_endurance_test
0.98,1000,39.3,15.0,24.299999999999997,2.3703703703703707,finite_depletion,MODELLED_constant_conditions_not_endurance_test
0.99,0,39.65,0.0,39.65,1.4527112232030266,finite_depletion,MODELLED_constant_conditions_not_endurance_test
0.99,250,39.65,3.75,35.9,1.604456824512535,finite_depletion,MODELLED_constant_conditions_not_endurance_test
0.99,500,39.65,7.5,32.15,1.7916018662519442,finite_depletion,MODELLED_constant_conditions_not_endurance_test
0.99,1000,39.65,15.0,24.65,2.3367139959432053,finite_depletion,MODELLED_constant_conditions_not_endurance_test
1.0,0,40.0,0.0,40.0,1.44,finite_depletion,MODELLED_constant_conditions_not_endurance_test
1.0,250,40.0,3.75,36.25,1.5889655172413792,finite_depletion,MODELLED_constant_conditions_not_endurance_test
1.0,500,40.0,7.5,32.5,1.7723076923076924,finite_depletion,MODELLED_constant_conditions_not_endurance_test
1.0,1000,40.0,15.0,25.0,2.3040000000000003,finite_depletion,MODELLED_constant_conditions_not_endurance_test
