signal_rate_cps,background_rate_cps,sample_duration_s,background_duration_s,net_standard_uncertainty_cps,net_relative_standard_uncertainty,evidence
0.2,0.2,10,60,0.20816659994661327,1.0408329997330663,MODELLED_independent_Poisson_expected_counts
0.2,0.2,10,300,0.2016597794967223,1.0082988974836116,MODELLED_independent_Poisson_expected_counts
0.2,0.2,30,60,0.12909944487358055,0.6454972243679027,MODELLED_independent_Poisson_expected_counts
0.2,0.2,30,300,0.11832159566199232,0.5916079783099616,MODELLED_independent_Poisson_expected_counts
0.2,0.2,60,60,0.1,0.5,MODELLED_independent_Poisson_expected_counts
0.2,0.2,60,300,0.08563488385776753,0.42817441928883765,MODELLED_independent_Poisson_expected_counts
0.2,0.2,120,60,0.08164965809277261,0.408248290463863,MODELLED_independent_Poisson_expected_counts
0.2,0.2,120,300,0.06324555320336758,0.3162277660168379,MODELLED_independent_Poisson_expected_counts
0.2,0.2,300,60,0.06831300510639733,0.34156502553198664,MODELLED_independent_Poisson_expected_counts
0.2,0.2,300,300,0.044721359549995794,0.22360679774997896,MODELLED_independent_Poisson_expected_counts
0.2,1,10,60,0.3696845502136472,1.848422751068236,MODELLED_independent_Poisson_expected_counts
0.2,1,10,300,0.3511884584284246,1.755942292142123,MODELLED_independent_Poisson_expected_counts
0.2,1,30,60,0.23804761428476168,1.1902380714238083,MODELLED_independent_Poisson_expected_counts
0.2,1,30,300,0.20816659994661327,1.0408329997330663,MODELLED_independent_Poisson_expected_counts
0.2,1,60,60,0.19148542155126763,0.9574271077563381,MODELLED_independent_Poisson_expected_counts
0.2,1,60,300,0.15275252316519466,0.7637626158259733,MODELLED_independent_Poisson_expected_counts
0.2,1,120,60,0.1632993161855452,0.8164965809277259,MODELLED_independent_Poisson_expected_counts
0.2,1,120,300,0.11547005383792516,0.5773502691896257,MODELLED_independent_Poisson_expected_counts
0.2,1,300,60,0.14375905768565217,0.7187952884282608,MODELLED_independent_Poisson_expected_counts
0.2,1,300,300,0.08563488385776753,0.42817441928883765,MODELLED_independent_Poisson_expected_counts
1,0.2,10,60,0.3511884584284246,0.3511884584284246,MODELLED_independent_Poisson_expected_counts
1,0.2,10,300,0.347371079203014,0.347371079203014,MODELLED_independent_Poisson_expected_counts
1,0.2,30,60,0.20816659994661327,0.20816659994661327,MODELLED_independent_Poisson_expected_counts
1,0.2,30,300,0.2016597794967223,0.2016597794967223,MODELLED_independent_Poisson_expected_counts
1,0.2,60,60,0.15275252316519466,0.15275252316519466,MODELLED_independent_Poisson_expected_counts
1,0.2,60,300,0.14375905768565217,0.14375905768565217,MODELLED_independent_Poisson_expected_counts
1,0.2,120,60,0.11547005383792516,0.11547005383792516,MODELLED_independent_Poisson_expected_counts
1,0.2,120,300,0.10327955589886445,0.10327955589886445,MODELLED_independent_Poisson_expected_counts
1,0.2,300,60,0.08563488385776753,0.08563488385776753,MODELLED_independent_Poisson_expected_counts
1,0.2,300,300,0.06831300510639733,0.06831300510639733,MODELLED_independent_Poisson_expected_counts
1,1,10,60,0.4654746681256314,0.4654746681256314,MODELLED_independent_Poisson_expected_counts
1,1,10,300,0.4509249752822894,0.4509249752822894,MODELLED_independent_Poisson_expected_counts
1,1,30,60,0.28867513459481287,0.28867513459481287,MODELLED_independent_Poisson_expected_counts
1,1,30,300,0.264575131106459,0.264575131106459,MODELLED_independent_Poisson_expected_counts
1,1,60,60,0.22360679774997896,0.22360679774997896,MODELLED_independent_Poisson_expected_counts
1,1,60,300,0.19148542155126763,0.19148542155126763,MODELLED_independent_Poisson_expected_counts
1,1,120,60,0.18257418583505536,0.18257418583505536,MODELLED_independent_Poisson_expected_counts
1,1,120,300,0.1414213562373095,0.1414213562373095,MODELLED_independent_Poisson_expected_counts
1,1,300,60,0.15275252316519466,0.15275252316519466,MODELLED_independent_Poisson_expected_counts
1,1,300,300,0.1,0.1,MODELLED_independent_Poisson_expected_counts
5,0.2,10,60,0.7234178138070235,0.1446835627614047,MODELLED_independent_Poisson_expected_counts
5,0.2,10,300,0.7215723571941117,0.14431447143882234,MODELLED_independent_Poisson_expected_counts
5,0.2,30,60,0.42031734043061636,0.08406346808612328,MODELLED_independent_Poisson_expected_counts
5,0.2,30,300,0.41713307229228425,0.08342661445845685,MODELLED_independent_Poisson_expected_counts
5,0.2,60,60,0.3,0.06,MODELLED_independent_Poisson_expected_counts
5,0.2,60,300,0.2955221367906867,0.05910442735813733,MODELLED_independent_Poisson_expected_counts
5,0.2,120,60,0.21602468994692867,0.04320493798938573,MODELLED_independent_Poisson_expected_counts
5,0.2,120,300,0.20976176963403032,0.04195235392680606,MODELLED_independent_Poisson_expected_counts
5,0.2,300,60,0.14375905768565217,0.028751811537130433,MODELLED_independent_Poisson_expected_counts
5,0.2,300,300,0.1341640786499874,0.02683281572999748,MODELLED_independent_Poisson_expected_counts
5,1,10,60,0.7852812659593165,0.15705625319186328,MODELLED_independent_Poisson_expected_counts
5,1,10,300,0.7767453465154028,0.15534906930308057,MODELLED_independent_Poisson_expected_counts
5,1,30,60,0.4654746681256314,0.09309493362512627,MODELLED_independent_Poisson_expected_counts
5,1,30,300,0.4509249752822894,0.09018499505645788,MODELLED_independent_Poisson_expected_counts
5,1,60,60,0.3415650255319866,0.06831300510639732,MODELLED_independent_Poisson_expected_counts
5,1,60,300,0.32145502536643183,0.06429100507328636,MODELLED_independent_Poisson_expected_counts
5,1,120,60,0.2581988897471611,0.05163977794943222,MODELLED_independent_Poisson_expected_counts
5,1,120,300,0.23094010767585033,0.046188021535170064,MODELLED_independent_Poisson_expected_counts
5,1,300,60,0.19148542155126763,0.038297084310253526,MODELLED_independent_Poisson_expected_counts
5,1,300,300,0.15275252316519466,0.030550504633038933,MODELLED_independent_Poisson_expected_counts
