rate_counts_s,integration_s,expected_counts,relative_poisson_standard_uncertainty,rate_standard_uncertainty_counts_s,evidence
0.2,1,0.2,2.23606797749979,0.4472135954999579,MODELLED_expected_Poisson_counts_no_background_no_deadtime
0.2,2,0.4,1.5811388300841895,0.31622776601683794,MODELLED_expected_Poisson_counts_no_background_no_deadtime
0.2,5,1.0,1.0,0.2,MODELLED_expected_Poisson_counts_no_background_no_deadtime
0.2,10,2.0,0.7071067811865475,0.1414213562373095,MODELLED_expected_Poisson_counts_no_background_no_deadtime
0.2,20,4.0,0.5,0.1,MODELLED_expected_Poisson_counts_no_background_no_deadtime
0.2,30,6.0,0.4082482904638631,0.0816496580927726,MODELLED_expected_Poisson_counts_no_background_no_deadtime
0.2,60,12.0,0.2886751345948129,0.057735026918962574,MODELLED_expected_Poisson_counts_no_background_no_deadtime
0.2,120,24.0,0.20412414523193154,0.0408248290463863,MODELLED_expected_Poisson_counts_no_background_no_deadtime
0.2,300,60.0,0.12909944487358055,0.025819888974716113,MODELLED_expected_Poisson_counts_no_background_no_deadtime
0.2,600,120.0,0.09128709291752768,0.018257418583505537,MODELLED_expected_Poisson_counts_no_background_no_deadtime
1,1,1,1.0,1.0,MODELLED_expected_Poisson_counts_no_background_no_deadtime
1,2,2,0.7071067811865475,0.7071067811865476,MODELLED_expected_Poisson_counts_no_background_no_deadtime
1,5,5,0.4472135954999579,0.447213595499958,MODELLED_expected_Poisson_counts_no_background_no_deadtime
1,10,10,0.31622776601683794,0.31622776601683794,MODELLED_expected_Poisson_counts_no_background_no_deadtime
1,20,20,0.22360679774997896,0.223606797749979,MODELLED_expected_Poisson_counts_no_background_no_deadtime
1,30,30,0.18257418583505536,0.18257418583505539,MODELLED_expected_Poisson_counts_no_background_no_deadtime
1,60,60,0.12909944487358055,0.12909944487358058,MODELLED_expected_Poisson_counts_no_background_no_deadtime
1,120,120,0.09128709291752768,0.09128709291752769,MODELLED_expected_Poisson_counts_no_background_no_deadtime
1,300,300,0.05773502691896257,0.05773502691896258,MODELLED_expected_Poisson_counts_no_background_no_deadtime
1,600,600,0.040824829046386304,0.0408248290463863,MODELLED_expected_Poisson_counts_no_background_no_deadtime
5,1,5,0.4472135954999579,2.23606797749979,MODELLED_expected_Poisson_counts_no_background_no_deadtime
5,2,10,0.31622776601683794,1.5811388300841898,MODELLED_expected_Poisson_counts_no_background_no_deadtime
5,5,25,0.2,1.0,MODELLED_expected_Poisson_counts_no_background_no_deadtime
5,10,50,0.1414213562373095,0.7071067811865476,MODELLED_expected_Poisson_counts_no_background_no_deadtime
5,20,100,0.1,0.5,MODELLED_expected_Poisson_counts_no_background_no_deadtime
5,30,150,0.08164965809277261,0.408248290463863,MODELLED_expected_Poisson_counts_no_background_no_deadtime
5,60,300,0.05773502691896257,0.2886751345948129,MODELLED_expected_Poisson_counts_no_background_no_deadtime
5,120,600,0.040824829046386304,0.2041241452319315,MODELLED_expected_Poisson_counts_no_background_no_deadtime
5,300,1500,0.025819888974716113,0.12909944487358055,MODELLED_expected_Poisson_counts_no_background_no_deadtime
5,600,3000,0.018257418583505537,0.09128709291752769,MODELLED_expected_Poisson_counts_no_background_no_deadtime
20,1,20,0.22360679774997896,4.47213595499958,MODELLED_expected_Poisson_counts_no_background_no_deadtime
20,2,40,0.15811388300841897,3.1622776601683795,MODELLED_expected_Poisson_counts_no_background_no_deadtime
20,5,100,0.1,2.0,MODELLED_expected_Poisson_counts_no_background_no_deadtime
20,10,200,0.07071067811865475,1.4142135623730951,MODELLED_expected_Poisson_counts_no_background_no_deadtime
20,20,400,0.05,1.0,MODELLED_expected_Poisson_counts_no_background_no_deadtime
20,30,600,0.040824829046386304,0.816496580927726,MODELLED_expected_Poisson_counts_no_background_no_deadtime
20,60,1200,0.028867513459481284,0.5773502691896258,MODELLED_expected_Poisson_counts_no_background_no_deadtime
20,120,2400,0.020412414523193152,0.408248290463863,MODELLED_expected_Poisson_counts_no_background_no_deadtime
20,300,6000,0.012909944487358056,0.2581988897471611,MODELLED_expected_Poisson_counts_no_background_no_deadtime
20,600,12000,0.009128709291752768,0.18257418583505539,MODELLED_expected_Poisson_counts_no_background_no_deadtime
