grade_deg,total_mass_kg,rolling_coefficient,tractive_force_N,torque_each_Nm,approx_current_each_A,full_nominal_voltage_no_load_curve_rpm,minimum_friction_coefficient,continuous_gearbox_torque_limit_Nm,continuous_current_guidance_A,mechanical_power_at_command_speed_W,evidence
0,12,0.04,4.7088,0.09711900000000001,0.3543762470904347,97.08724062093519,0.04,0.980665,1.375,1.64808,MODELLED_equal_wheel_loading_no_turn_or_sinkage
1,12,0.04,6.762580112749431,0.13947821482545703,0.42170866005238405,95.81681773486068,0.057455064928217586,0.980665,1.375,2.3669030394623007,MODELLED_equal_wheel_loading_no_turn_or_sinkage
2,12,0.04,8.814300278085932,0.18179494323552237,0.4889735384087414,94.54766908662752,0.07492076949174772,0.980665,1.375,3.085005097330076,MODELLED_equal_wheel_loading_no_turn_or_sinkage
3,12,0.04,10.863335522171685,0.224056295144791,0.5561503926259499,93.28018127120849,0.09240777928304121,0.980665,1.375,3.8021674327600894,MODELLED_equal_wheel_loading_no_turn_or_sinkage
4,12,0.04,12.90906168902189,0.2662493973360765,0.6232187599834582,92.0147403776706,0.10992681194351042,0.980665,1.375,4.518171591157661,MODELLED_equal_wheel_loading_no_turn_or_sinkage
5,12,0.04,14.950855630628732,0.30836139738171764,0.6901582108068635,90.75173187156862,0.127488663525924,0.980665,1.375,5.232799470720056,MODELLED_equal_wheel_loading_no_turn_or_sinkage
6,12,0.04,16.98809539677829,0.35037946755855226,0.7569483546909876,89.49154047752855,0.14510423526567648,0.980665,1.375,5.945833388872401,MODELLED_equal_wheel_loading_no_turn_or_sinkage
7,12,0.04,19.020160424502617,0.3922908087553665,0.823568846710993,88.23455006205674,0.1627845609029046,0.980665,1.375,6.657056148575916,MODELLED_equal_wheel_loading_no_turn_or_sinkage
8,12,0.04,21.04643172710921,0.43408265437162746,0.8899993936196433,86.9811435166105,0.18054083470239146,0.980665,1.375,7.366251104488223,MODELLED_equal_wheel_loading_no_turn_or_sinkage
9,12,0.04,23.066292082730364,0.47574227420631376,0.9562197600288227,85.73170264096561,0.19838444032453628,0.980665,1.375,8.073202228955626,MODELLED_equal_wheel_loading_no_turn_or_sinkage
10,12,0.04,25.079126222334924,0.5172569783356579,1.0222097745734322,84.48660802691637,0.21632698070846498,0.980665,1.375,8.777694177817223,MODELLED_equal_wheel_loading_no_turn_or_sinkage
11,12,0.04,27.084321017145214,0.5586141209786201,1.0879493360557815,83.24623894234374,0.23438030913771848,0.980665,1.375,9.479512356000825,MODELLED_equal_wheel_loading_no_turn_or_sinkage
12,12,0.04,29.081265665401975,0.5998011043489158,1.1534184195686101,82.0109732156866,0.2525565616700221,0.980665,1.375,10.17844298289069,MODELLED_equal_wheel_loading_no_turn_or_sinkage
13,12,0.04,31.069351878420505,0.6408053824924229,1.2185970825948662,80.78118712085158,0.2708681911255631,0.980665,1.375,10.874273157447176,MODELLED_equal_wheel_loading_no_turn_or_sinkage
14,12,0.04,33.04797406588129,0.6816144651088016,1.2834654710823923,79.55725526259637,0.28932800284318066,0.980665,1.375,11.566790923058452,MODELLED_equal_wheel_loading_no_turn_or_sinkage
15,12,0.04,35.016529520298704,0.7222159213561608,1.348003825491661,78.3395504624215,0.3079491924311227,0.980665,1.375,12.255785332104546,MODELLED_equal_wheel_loading_no_turn_or_sinkage
16,12,0.04,36.9744186006115,0.7625973836376122,1.4121924868147229,77.12844364500523,0.3267453857588079,0.980665,1.375,12.941046510214024,MODELLED_equal_wheel_loading_no_turn_or_sinkage
17,12,0.04,38.921044914839314,0.8027465513685609,1.4760119025635283,75.92430372521645,0.34573068145866037,0.980665,1.375,13.62236572019376,MODELLED_equal_wheel_loading_no_turn_or_sinkage
18,12,0.04,40.855815501749426,0.842651194723582,1.5394426327258077,74.72749749573948,0.36491969623290627,0.980665,1.375,14.299535425612298,MODELLED_equal_wheel_loading_no_turn_or_sinkage
19,12,0.04,42.778141011478546,0.882299158361745,1.6024653556866868,73.53838951534553,0.38432761328966525,0.980665,1.375,14.97234935401749,MODELLED_equal_wheel_loading_no_turn_or_sinkage
20,12,0.04,44.687435885054406,0.9216783651292472,1.6650608741142368,72.35734199784459,0.4039702342662023,0.980665,1.375,15.640602559769041,MODELLED_equal_wheel_loading_no_turn_or_sinkage
