diameter_mismatch_fraction,center_path_length_m,forward_m,lateral_error_m,heading_error_deg,evidence
0,0.0,0.0,0,0.0,MODELLED_ideal_differential_drive_equal_wheel_angular_speed
0,0.1,0.1,0,0.0,MODELLED_ideal_differential_drive_equal_wheel_angular_speed
0,0.2,0.2,0,0.0,MODELLED_ideal_differential_drive_equal_wheel_angular_speed
0,0.3,0.3,0,0.0,MODELLED_ideal_differential_drive_equal_wheel_angular_speed
0,0.4,0.4,0,0.0,MODELLED_ideal_differential_drive_equal_wheel_angular_speed
0,0.5,0.5,0,0.0,MODELLED_ideal_differential_drive_equal_wheel_angular_speed
0,0.6,0.6,0,0.0,MODELLED_ideal_differential_drive_equal_wheel_angular_speed
0,0.7,0.7,0,0.0,MODELLED_ideal_differential_drive_equal_wheel_angular_speed
0,0.8,0.8,0,0.0,MODELLED_ideal_differential_drive_equal_wheel_angular_speed
0,0.9,0.9,0,0.0,MODELLED_ideal_differential_drive_equal_wheel_angular_speed
0,1.0,1.0,0,0.0,MODELLED_ideal_differential_drive_equal_wheel_angular_speed
0,1.1,1.1,0,0.0,MODELLED_ideal_differential_drive_equal_wheel_angular_speed
0,1.2,1.2,0,0.0,MODELLED_ideal_differential_drive_equal_wheel_angular_speed
0,1.3,1.3,0,0.0,MODELLED_ideal_differential_drive_equal_wheel_angular_speed
0,1.4,1.4,0,0.0,MODELLED_ideal_differential_drive_equal_wheel_angular_speed
0,1.5,1.5,0,0.0,MODELLED_ideal_differential_drive_equal_wheel_angular_speed
0,1.6,1.6,0,0.0,MODELLED_ideal_differential_drive_equal_wheel_angular_speed
0,1.7,1.7,0,0.0,MODELLED_ideal_differential_drive_equal_wheel_angular_speed
0,1.8,1.8,0,0.0,MODELLED_ideal_differential_drive_equal_wheel_angular_speed
0,1.9,1.9,0,0.0,MODELLED_ideal_differential_drive_equal_wheel_angular_speed
0,2.0,2.0,0,0.0,MODELLED_ideal_differential_drive_equal_wheel_angular_speed
0,2.1,2.1,0,0.0,MODELLED_ideal_differential_drive_equal_wheel_angular_speed
0,2.2,2.2,0,0.0,MODELLED_ideal_differential_drive_equal_wheel_angular_speed
0,2.3,2.3,0,0.0,MODELLED_ideal_differential_drive_equal_wheel_angular_speed
0,2.4,2.4,0,0.0,MODELLED_ideal_differential_drive_equal_wheel_angular_speed
0,2.5,2.5,0,0.0,MODELLED_ideal_differential_drive_equal_wheel_angular_speed
0,2.6,2.6,0,0.0,MODELLED_ideal_differential_drive_equal_wheel_angular_speed
0,2.7,2.7,0,0.0,MODELLED_ideal_differential_drive_equal_wheel_angular_speed
0,2.8,2.8,0,0.0,MODELLED_ideal_differential_drive_equal_wheel_angular_speed
0,2.9,2.9,0,0.0,MODELLED_ideal_differential_drive_equal_wheel_angular_speed
0,3.0,3.0,0,0.0,MODELLED_ideal_differential_drive_equal_wheel_angular_speed
0,3.1,3.1,0,0.0,MODELLED_ideal_differential_drive_equal_wheel_angular_speed
0,3.2,3.2,0,0.0,MODELLED_ideal_differential_drive_equal_wheel_angular_speed
0,3.3,3.3,0,0.0,MODELLED_ideal_differential_drive_equal_wheel_angular_speed
0,3.4,3.4,0,0.0,MODELLED_ideal_differential_drive_equal_wheel_angular_speed
0,3.5,3.5,0,0.0,MODELLED_ideal_differential_drive_equal_wheel_angular_speed
0,3.6,3.6,0,0.0,MODELLED_ideal_differential_drive_equal_wheel_angular_speed
0,3.7,3.7,0,0.0,MODELLED_ideal_differential_drive_equal_wheel_angular_speed
0,3.8,3.8,0,0.0,MODELLED_ideal_differential_drive_equal_wheel_angular_speed
0,3.9,3.9,0,0.0,MODELLED_ideal_differential_drive_equal_wheel_angular_speed
0,4.0,4.0,0,0.0,MODELLED_ideal_differential_drive_equal_wheel_angular_speed
0,4.1,4.1,0,0.0,MODELLED_ideal_differential_drive_equal_wheel_angular_speed
0,4.2,4.2,0,0.0,MODELLED_ideal_differential_drive_equal_wheel_angular_speed
0,4.3,4.3,0,0.0,MODELLED_ideal_differential_drive_equal_wheel_angular_speed
0,4.4,4.4,0,0.0,MODELLED_ideal_differential_drive_equal_wheel_angular_speed
0,4.5,4.5,0,0.0,MODELLED_ideal_differential_drive_equal_wheel_angular_speed
0,4.6,4.6,0,0.0,MODELLED_ideal_differential_drive_equal_wheel_angular_speed
0,4.7,4.7,0,0.0,MODELLED_ideal_differential_drive_equal_wheel_angular_speed
0,4.8,4.8,0,0.0,MODELLED_ideal_differential_drive_equal_wheel_angular_speed
0,4.9,4.9,0,0.0,MODELLED_ideal_differential_drive_equal_wheel_angular_speed
0,5.0,5.0,0,0.0,MODELLED_ideal_differential_drive_equal_wheel_angular_speed
0,5.1,5.1,0,0.0,MODELLED_ideal_differential_drive_equal_wheel_angular_speed
0,5.2,5.2,0,0.0,MODELLED_ideal_differential_drive_equal_wheel_angular_speed
0,5.3,5.3,0,0.0,MODELLED_ideal_differential_drive_equal_wheel_angular_speed
0,5.4,5.4,0,0.0,MODELLED_ideal_differential_drive_equal_wheel_angular_speed
0,5.5,5.5,0,0.0,MODELLED_ideal_differential_drive_equal_wheel_angular_speed
0,5.6,5.6,0,0.0,MODELLED_ideal_differential_drive_equal_wheel_angular_speed
0,5.7,5.7,0,0.0,MODELLED_ideal_differential_drive_equal_wheel_angular_speed
0,5.8,5.8,0,0.0,MODELLED_ideal_differential_drive_equal_wheel_angular_speed
0,5.9,5.9,0,0.0,MODELLED_ideal_differential_drive_equal_wheel_angular_speed
0,6.0,6.0,0,0.0,MODELLED_ideal_differential_drive_equal_wheel_angular_speed
0,6.1,6.1,0,0.0,MODELLED_ideal_differential_drive_equal_wheel_angular_speed
0,6.2,6.2,0,0.0,MODELLED_ideal_differential_drive_equal_wheel_angular_speed
0,6.3,6.3,0,0.0,MODELLED_ideal_differential_drive_equal_wheel_angular_speed
0,6.4,6.4,0,0.0,MODELLED_ideal_differential_drive_equal_wheel_angular_speed
0,6.5,6.5,0,0.0,MODELLED_ideal_differential_drive_equal_wheel_angular_speed
0,6.6,6.6,0,0.0,MODELLED_ideal_differential_drive_equal_wheel_angular_speed
0,6.7,6.7,0,0.0,MODELLED_ideal_differential_drive_equal_wheel_angular_speed
0,6.8,6.8,0,0.0,MODELLED_ideal_differential_drive_equal_wheel_angular_speed
0,6.9,6.9,0,0.0,MODELLED_ideal_differential_drive_equal_wheel_angular_speed
0,7.0,7.0,0,0.0,MODELLED_ideal_differential_drive_equal_wheel_angular_speed
0,7.1,7.1,0,0.0,MODELLED_ideal_differential_drive_equal_wheel_angular_speed
0,7.2,7.2,0,0.0,MODELLED_ideal_differential_drive_equal_wheel_angular_speed
0,7.3,7.3,0,0.0,MODELLED_ideal_differential_drive_equal_wheel_angular_speed
0,7.4,7.4,0,0.0,MODELLED_ideal_differential_drive_equal_wheel_angular_speed
0,7.5,7.5,0,0.0,MODELLED_ideal_differential_drive_equal_wheel_angular_speed
0,7.6,7.6,0,0.0,MODELLED_ideal_differential_drive_equal_wheel_angular_speed
0,7.7,7.7,0,0.0,MODELLED_ideal_differential_drive_equal_wheel_angular_speed
0,7.8,7.8,0,0.0,MODELLED_ideal_differential_drive_equal_wheel_angular_speed
0,7.9,7.9,0,0.0,MODELLED_ideal_differential_drive_equal_wheel_angular_speed
0,8.0,8.0,0,0.0,MODELLED_ideal_differential_drive_equal_wheel_angular_speed
0,8.1,8.1,0,0.0,MODELLED_ideal_differential_drive_equal_wheel_angular_speed
0,8.2,8.2,0,0.0,MODELLED_ideal_differential_drive_equal_wheel_angular_speed
0,8.3,8.3,0,0.0,MODELLED_ideal_differential_drive_equal_wheel_angular_speed
0,8.4,8.4,0,0.0,MODELLED_ideal_differential_drive_equal_wheel_angular_speed
0,8.5,8.5,0,0.0,MODELLED_ideal_differential_drive_equal_wheel_angular_speed
0,8.6,8.6,0,0.0,MODELLED_ideal_differential_drive_equal_wheel_angular_speed
0,8.7,8.7,0,0.0,MODELLED_ideal_differential_drive_equal_wheel_angular_speed
0,8.8,8.8,0,0.0,MODELLED_ideal_differential_drive_equal_wheel_angular_speed
0,8.9,8.9,0,0.0,MODELLED_ideal_differential_drive_equal_wheel_angular_speed
0,9.0,9.0,0,0.0,MODELLED_ideal_differential_drive_equal_wheel_angular_speed
0,9.1,9.1,0,0.0,MODELLED_ideal_differential_drive_equal_wheel_angular_speed
0,9.2,9.2,0,0.0,MODELLED_ideal_differential_drive_equal_wheel_angular_speed
0,9.3,9.3,0,0.0,MODELLED_ideal_differential_drive_equal_wheel_angular_speed
0,9.4,9.4,0,0.0,MODELLED_ideal_differential_drive_equal_wheel_angular_speed
0,9.5,9.5,0,0.0,MODELLED_ideal_differential_drive_equal_wheel_angular_speed
0,9.6,9.6,0,0.0,MODELLED_ideal_differential_drive_equal_wheel_angular_speed
0,9.7,9.7,0,0.0,MODELLED_ideal_differential_drive_equal_wheel_angular_speed
0,9.8,9.8,0,0.0,MODELLED_ideal_differential_drive_equal_wheel_angular_speed
0,9.9,9.9,0,0.0,MODELLED_ideal_differential_drive_equal_wheel_angular_speed
0,10.0,10.0,0,0.0,MODELLED_ideal_differential_drive_equal_wheel_angular_speed
0.005,0.0,0.0,0.0,0.0,MODELLED_ideal_differential_drive_equal_wheel_angular_speed
0.005,0.1,0.0999999856762931,4.635251686521757e-05,0.05311607552965387,MODELLED_ideal_differential_drive_equal_wheel_angular_speed
0.005,0.2,0.19999988541035957,0.00018541002762914415,0.10623215105930774,MODELLED_ideal_differential_drive_equal_wheel_angular_speed
0.005,0.3,0.29999961326004654,0.00041717241278462543,0.15934822658896158,MODELLED_ideal_differential_drive_equal_wheel_angular_speed
0.005,0.4,0.3999990832833492,0.0007416394731371032,0.21246430211861547,MODELLED_ideal_differential_drive_equal_wheel_angular_speed
0.005,0.5,0.4999982095384838,0.0011588109298525185,0.2655803776482693,MODELLED_ideal_differential_drive_equal_wheel_angular_speed
0.005,0.6,0.5999969060839623,0.0016686864243854569,0.31869645317792317,MODELLED_ideal_differential_drive_equal_wheel_angular_speed
0.005,0.7,0.6999950869786662,0.002271265518551003,0.37181252870757703,MODELLED_ideal_differential_drive_equal_wheel_angular_speed
0.005,0.8,0.79999266628192,0.002966547694476838,0.42492860423723094,MODELLED_ideal_differential_drive_equal_wheel_angular_speed
0.005,0.9,0.8999895580535645,0.0037545323546032384,0.4780446797668848,MODELLED_ideal_differential_drive_equal_wheel_angular_speed
0.005,1.0,0.9999856763540328,0.004635218821754932,0.5311607552965386,MODELLED_ideal_differential_drive_equal_wheel_angular_speed
0.005,1.1,1.0999809352444219,0.005608606339009365,0.5842768308261926,MODELLED_ideal_differential_drive_equal_wheel_angular_speed
0.005,1.2,1.1999752487865665,0.0066746940698523835,0.6373929063558463,MODELLED_ideal_differential_drive_equal_wheel_angular_speed
0.005,1.3,1.299968531043116,0.007833481098034528,0.6905089818855003,MODELLED_ideal_differential_drive_equal_wheel_angular_speed
0.005,1.4,1.399960696077604,0.009084966427690789,0.7436250574151541,MODELLED_ideal_differential_drive_equal_wheel_angular_speed
0.005,1.5,1.4999516579545256,0.01042914898325678,0.796741132944808,MODELLED_ideal_differential_drive_equal_wheel_angular_speed
0.005,1.6,1.5999413307394093,0.011866027609504658,0.8498572084744619,MODELLED_ideal_differential_drive_equal_wheel_angular_speed
0.005,1.7,1.6999296284988912,0.013395601071555107,0.9029732840041158,MODELLED_ideal_differential_drive_equal_wheel_angular_speed
0.005,1.8,1.79991646530079,0.015017868054865359,0.9560893595337696,MODELLED_ideal_differential_drive_equal_wheel_angular_speed
0.005,1.9,1.8999017552141788,0.016732827165217214,1.0092054350634234,MODELLED_ideal_differential_drive_equal_wheel_angular_speed
0.005,2.0,1.9998854123094616,0.018540476928740997,1.0623215105930772,MODELLED_ideal_differential_drive_equal_wheel_angular_speed
0.005,2.1,2.0998673506584447,0.02044081579189161,1.1154375861227313,MODELLED_ideal_differential_drive_equal_wheel_angular_speed
0.005,2.2,2.1998474843344114,0.022433842121484443,1.1685536616523853,MODELLED_ideal_differential_drive_equal_wheel_angular_speed
0.005,2.3,2.2998257274121965,0.024519554204659472,1.2216697371820389,MODELLED_ideal_differential_drive_equal_wheel_angular_speed
0.005,2.4,2.3998019939682598,0.026697950248917163,1.2747858127116927,MODELLED_ideal_differential_drive_equal_wheel_angular_speed
0.005,2.5,2.499776198080759,0.02896902838209453,1.3279018882413465,MODELLED_ideal_differential_drive_equal_wheel_angular_speed
0.005,2.6,2.599748253829625,0.03133278665237712,1.3810179637710005,MODELLED_ideal_differential_drive_equal_wheel_angular_speed
0.005,2.7,2.6997180752966345,0.03378922302828701,1.4341340393006543,MODELLED_ideal_differential_drive_equal_wheel_angular_speed
0.005,2.8,2.799685576565484,0.03633833539871877,1.4872501148303081,MODELLED_ideal_differential_drive_equal_wheel_angular_speed
0.005,2.9,2.8996506717218664,0.038980121572903516,1.5403661903599621,MODELLED_ideal_differential_drive_equal_wheel_angular_speed
0.005,3.0,2.9996132748535396,0.041714579280432845,1.593482265889616,MODELLED_ideal_differential_drive_equal_wheel_angular_speed
0.005,3.1,3.0995733000504044,0.044541706171258875,1.6465983414192698,MODELLED_ideal_differential_drive_equal_wheel_angular_speed
0.005,3.2,3.1995306614045775,0.04746149981567026,1.6997144169489238,MODELLED_ideal_differential_drive_equal_wheel_angular_speed
0.005,3.3,3.299485273010464,0.05047395770434011,1.7528304924785776,MODELLED_ideal_differential_drive_equal_wheel_angular_speed
0.005,3.4,3.3994370489648333,0.05357907724830203,1.8059465680082316,MODELLED_ideal_differential_drive_equal_wheel_angular_speed
0.005,3.5,3.4993859033668904,0.05677685577892618,1.8590626435378854,MODELLED_ideal_differential_drive_equal_wheel_angular_speed
0.005,3.6,3.5993317503183526,0.06006729054799111,1.9121787190675392,MODELLED_ideal_differential_drive_equal_wheel_angular_speed
0.005,3.7,3.6992745039235224,0.06345037872762392,1.965294794597193,MODELLED_ideal_differential_drive_equal_wheel_angular_speed
0.005,3.8,3.7992140782893573,0.06692611741030019,2.018410870126847,MODELLED_ideal_differential_drive_equal_wheel_angular_speed
0.005,3.9,3.8991503875255513,0.07049450360891593,2.0715269456565006,MODELLED_ideal_differential_drive_equal_wheel_angular_speed
0.005,4.0,3.999083345744602,0.07415553425670365,2.1246430211861544,MODELLED_ideal_differential_drive_equal_wheel_angular_speed
0.005,4.1,4.099012867061888,0.07790920620730431,2.1777590967158083,MODELLED_ideal_differential_drive_equal_wheel_angular_speed
0.005,4.2,4.198938865595742,0.08175551623471931,2.2308751722454625,MODELLED_ideal_differential_drive_equal_wheel_angular_speed
0.005,4.3,4.298861255467522,0.08569446103334655,2.2839912477751163,MODELLED_ideal_differential_drive_equal_wheel_angular_speed
0.005,4.4,4.39877995080169,0.08972603721796832,2.3371073233047706,MODELLED_ideal_differential_drive_equal_wheel_angular_speed
0.005,4.5,4.498694865725881,0.09385024132376336,2.390223398834424,MODELLED_ideal_differential_drive_equal_wheel_angular_speed
0.005,4.6,4.598605914370981,0.0980670698062829,2.4433394743640777,MODELLED_ideal_differential_drive_equal_wheel_angular_speed
0.005,4.7,4.698513010871198,0.10237651904151047,2.496455549893732,MODELLED_ideal_differential_drive_equal_wheel_angular_speed
0.005,4.8,4.798416069364136,0.1067785853257902,2.5495716254233853,MODELLED_ideal_differential_drive_equal_wheel_angular_speed
0.005,4.9,4.89831500399087,0.11127326487591044,2.6026877009530396,MODELLED_ideal_differential_drive_equal_wheel_angular_speed
0.005,5.0,4.998209728896018,0.11586055382902011,2.655803776482693,MODELLED_ideal_differential_drive_equal_wheel_angular_speed
0.005,5.1,5.098100158227818,0.12054044824271244,2.7089198520123468,MODELLED_ideal_differential_drive_equal_wheel_angular_speed
0.005,5.2,5.197986206138199,0.1253129440949651,2.762035927542001,MODELLED_ideal_differential_drive_equal_wheel_angular_speed
0.005,5.3,5.297867786782852,0.1301780372842121,2.815152003071655,MODELLED_ideal_differential_drive_equal_wheel_angular_speed
0.005,5.4,5.397744814321316,0.13513572362928383,2.8682680786013086,MODELLED_ideal_differential_drive_equal_wheel_angular_speed
0.005,5.5,5.497617202917031,0.14018599886940714,2.921384154130963,MODELLED_ideal_differential_drive_equal_wheel_angular_speed
0.005,5.6,5.597484866737433,0.14532885866428913,2.9745002296606162,MODELLED_ideal_differential_drive_equal_wheel_angular_speed
0.005,5.7,5.697347719954016,0.15056429859402135,3.0276163051902705,MODELLED_ideal_differential_drive_equal_wheel_angular_speed
0.005,5.8,5.797205676742408,0.15589231415915164,3.0807323807199243,MODELLED_ideal_differential_drive_equal_wheel_angular_speed
0.005,5.9,5.897058651282443,0.1613129007806842,3.133848456249578,MODELLED_ideal_differential_drive_equal_wheel_angular_speed
0.005,6.0,5.996906557758243,0.16682605380003157,3.186964531779232,MODELLED_ideal_differential_drive_equal_wheel_angular_speed
0.005,6.1,6.096749310358279,0.1724317684790626,3.2400806073088857,MODELLED_ideal_differential_drive_equal_wheel_angular_speed
0.005,6.2,6.196586823275454,0.17813004000010255,3.2931966828385395,MODELLED_ideal_differential_drive_equal_wheel_angular_speed
0.005,6.3,6.296419010707174,0.1839208634659328,3.3463127583681933,MODELLED_ideal_differential_drive_equal_wheel_angular_speed
0.005,6.4,6.396245786855425,0.18980423389979126,3.3994288338978476,MODELLED_ideal_differential_drive_equal_wheel_angular_speed
0.005,6.5,6.496067065926836,0.1957801462453719,3.452544909427501,MODELLED_ideal_differential_drive_equal_wheel_angular_speed
0.005,6.6,6.595882762132766,0.2018485953668372,3.505660984957155,MODELLED_ideal_differential_drive_equal_wheel_angular_speed
0.005,6.7,6.695692789689374,0.20800957604884174,3.5587770604868094,MODELLED_ideal_differential_drive_equal_wheel_angular_speed
0.005,6.8,6.795497062817684,0.2142630829964964,3.6118931360164632,MODELLED_ideal_differential_drive_equal_wheel_angular_speed
0.005,6.9,6.895295495743671,0.22060911083539242,3.665009211546117,MODELLED_ideal_differential_drive_equal_wheel_angular_speed
0.005,7.0,6.995088002698326,0.2270476541116132,3.718125287075771,MODELLED_ideal_differential_drive_equal_wheel_angular_speed
0.005,7.1,7.094874497917734,0.23357870729173436,3.7712413626054246,MODELLED_ideal_differential_drive_equal_wheel_angular_speed
0.005,7.2,7.19465489564315,0.2402022647628118,3.8243574381350784,MODELLED_ideal_differential_drive_equal_wheel_angular_speed
0.005,7.3,7.294429110121061,0.2469183208324177,3.8774735136647323,MODELLED_ideal_differential_drive_equal_wheel_angular_speed
0.005,7.4,7.3941970556032794,0.25372686972862823,3.930589589194386,MODELLED_ideal_differential_drive_equal_wheel_angular_speed
0.005,7.5,7.493958646346992,0.260627905600012,3.98370566472404,MODELLED_ideal_differential_drive_equal_wheel_angular_speed
0.005,7.6,7.593713796614861,0.26762142251567766,4.036821740253694,MODELLED_ideal_differential_drive_equal_wheel_angular_speed
0.005,7.7,7.693462420675072,0.2747074144652381,4.0899378157833475,MODELLED_ideal_differential_drive_equal_wheel_angular_speed
0.005,7.8,7.793204432801428,0.2818858753588224,4.143053891313001,MODELLED_ideal_differential_drive_equal_wheel_angular_speed
0.005,7.9,7.892939747273406,0.2891567990271117,4.196169966842655,MODELLED_ideal_differential_drive_equal_wheel_angular_speed
0.005,8.0,7.992668278376248,0.2965201792213154,4.249286042372309,MODELLED_ideal_differential_drive_equal_wheel_angular_speed
0.005,8.1,8.092389940401018,0.30397600961315896,4.302402117901963,MODELLED_ideal_differential_drive_equal_wheel_angular_speed
0.005,8.2,8.19210464764469,0.311524283794956,4.3555181934316165,MODELLED_ideal_differential_drive_equal_wheel_angular_speed
0.005,8.3,8.291812314410212,0.3191649952795363,4.408634268961271,MODELLED_ideal_differential_drive_equal_wheel_angular_speed
0.005,8.4,8.391512855006576,0.3268981375003056,4.461750344490925,MODELLED_ideal_differential_drive_equal_wheel_angular_speed
0.005,8.5,8.491206183748917,0.33472370381123384,4.514866420020579,MODELLED_ideal_differential_drive_equal_wheel_angular_speed
0.005,8.6,8.590892214958545,0.34264168748685503,4.567982495550233,MODELLED_ideal_differential_drive_equal_wheel_angular_speed
0.005,8.7,8.69057086296306,0.35065208172226725,4.621098571079886,MODELLED_ideal_differential_drive_equal_wheel_angular_speed
0.005,8.8,8.790242042096398,0.3587548796331686,4.674214646609541,MODELLED_ideal_differential_drive_equal_wheel_angular_speed
0.005,8.9,8.889905666698914,0.36695007425582127,4.727330722139194,MODELLED_ideal_differential_drive_equal_wheel_angular_speed
0.005,9.0,8.98956165111746,0.37523765854709945,4.780446797668848,MODELLED_ideal_differential_drive_equal_wheel_angular_speed
0.005,9.1,9.089209909705453,0.38361762538446537,4.833562873198502,MODELLED_ideal_differential_drive_equal_wheel_angular_speed
0.005,9.2,9.188850356822945,0.3920899675659933,4.8866789487281554,MODELLED_ideal_differential_drive_equal_wheel_angular_speed
0.005,9.3,9.288482906836709,0.40065467781034536,4.93979502425781,MODELLED_ideal_differential_drive_equal_wheel_angular_speed
0.005,9.4,9.388107474120297,0.40931174875684384,4.992911099787464,MODELLED_ideal_differential_drive_equal_wheel_angular_speed
0.005,9.5,9.487723973054123,0.4180611729653869,5.046027175317117,MODELLED_ideal_differential_drive_equal_wheel_angular_speed
0.005,9.6,9.587332318025545,0.4269029429165327,5.099143250846771,MODELLED_ideal_differential_drive_equal_wheel_angular_speed
0.005,9.7,9.686932423428916,0.43583705101147524,5.1522593263764245,MODELLED_ideal_differential_drive_equal_wheel_angular_speed
0.005,9.8,9.786524203665678,0.4448634895720206,5.205375401906079,MODELLED_ideal_differential_drive_equal_wheel_angular_speed
0.005,9.9,9.886107573144422,0.4539822508406587,5.258491477435733,MODELLED_ideal_differential_drive_equal_wheel_angular_speed
0.005,10.0,9.985682446280974,0.46319332698051535,5.311607552965386,MODELLED_ideal_differential_drive_equal_wheel_angular_speed
0.01,0.0,0.0,0.0,0.0,MODELLED_ideal_differential_drive_equal_wheel_angular_speed
0.01,0.1,0.09999994298987405,9.247440445817012e-05,0.10596789197707066,MODELLED_ideal_differential_drive_equal_wheel_angular_speed
0.01,0.2,0.19999954391922642,0.0003698973015237218,0.2119357839541413,MODELLED_ideal_differential_drive_equal_wheel_angular_speed
0.01,0.3,0.2999984607287054,0.0008322677422277589,0.31790367593121194,MODELLED_ideal_differential_drive_equal_wheel_angular_speed
0.01,0.4,0.3999963513612995,0.0014795841449954737,0.4238715679082826,MODELLED_ideal_differential_drive_equal_wheel_angular_speed
0.01,0.5,0.49999287376350726,0.002311844295604126,0.5298394598853532,MODELLED_ideal_differential_drive_equal_wheel_angular_speed
0.01,0.6,0.5999876858865075,0.003329045347225066,0.6358073518624239,MODELLED_ideal_differential_drive_equal_wheel_angular_speed
0.01,0.7,0.6999804456873292,0.004531183820411725,0.7417752438394944,MODELLED_ideal_differential_drive_equal_wheel_angular_speed
0.01,0.8,0.7999708111300218,0.005918255603111621,0.8477431358165652,MODELLED_ideal_differential_drive_equal_wheel_angular_speed
0.01,0.9,0.899958440186824,0.007490255950708384,0.9537110277936358,MODELLED_ideal_differential_drive_equal_wheel_angular_speed
0.01,1.0,0.9999429908393357,0.009247179486003742,1.0596789197707064,MODELLED_ideal_differential_drive_equal_wheel_angular_speed
0.01,1.1,1.0999241210796862,0.011189020199247536,1.1656468117477772,MODELLED_ideal_differential_drive_equal_wheel_angular_speed
0.01,1.2,1.1999014889117048,0.013315771448167738,1.2716147037248478,MODELLED_ideal_differential_drive_equal_wheel_angular_speed
0.01,1.3,1.2998747523520904,0.01562742595798245,1.3775825957019183,MODELLED_ideal_differential_drive_equal_wheel_angular_speed
0.01,1.4,1.399843569431582,0.018123975821435934,1.483550487678989,MODELLED_ideal_differential_drive_equal_wheel_angular_speed
0.01,1.5,1.4998075981961272,0.020805412498810596,1.5895183796560597,MODELLED_ideal_differential_drive_equal_wheel_angular_speed
0.01,1.6,1.5997664967080525,0.023671726817957026,1.6954862716331305,MODELLED_ideal_differential_drive_equal_wheel_angular_speed
0.01,1.7,1.6997199230472333,0.026722908974348,1.801454163610201,MODELLED_ideal_differential_drive_equal_wheel_angular_speed
0.01,1.8,1.7996675353122635,0.029958948531078507,1.9074220555872716,MODELLED_ideal_differential_drive_equal_wheel_angular_speed
0.01,1.9,1.8996089916216237,0.03337983441894375,2.013389947564342,MODELLED_ideal_differential_drive_equal_wheel_angular_speed
0.01,2.0,1.9995439501148524,0.036985554936421174,2.1193578395414128,MODELLED_ideal_differential_drive_equal_wheel_angular_speed
0.01,2.1,2.0994720689537143,0.040776097749766496,2.225325731518484,MODELLED_ideal_differential_drive_equal_wheel_angular_speed
0.01,2.2,2.1993930063233704,0.044751449893019685,2.3312936234955544,MODELLED_ideal_differential_drive_equal_wheel_angular_speed
0.01,2.3,2.2993064204335454,0.04891159776806504,2.437261515472625,MODELLED_ideal_differential_drive_equal_wheel_angular_speed
0.01,2.4,2.399211969519699,0.05325652714466718,2.5432294074496955,MODELLED_ideal_differential_drive_equal_wheel_angular_speed
0.01,2.5,2.4991093118441943,0.057786223160531044,2.6491972994267656,MODELLED_ideal_differential_drive_equal_wheel_angular_speed
0.01,2.6,2.5989981056974663,0.06250067032134397,2.7551651914038366,MODELLED_ideal_differential_drive_equal_wheel_angular_speed
0.01,2.7,2.6988780093991904,0.06739985250083569,2.861133083380907,MODELLED_ideal_differential_drive_equal_wheel_angular_speed
0.01,2.8,2.7987486812994518,0.07248375294083234,2.967100975357978,MODELLED_ideal_differential_drive_equal_wheel_angular_speed
0.01,2.9,2.8986097797799157,0.07775235425130451,3.0730688673350484,MODELLED_ideal_differential_drive_equal_wheel_angular_speed
0.01,3.0,2.998460963254992,0.0832056384104333,3.1790367593121194,MODELLED_ideal_differential_drive_equal_wheel_angular_speed
0.01,3.1,3.098301890173007,0.08884358676467627,3.28500465128919,MODELLED_ideal_differential_drive_equal_wheel_angular_speed
0.01,3.2,3.1981322190173707,0.09466618002883355,3.390972543266261,MODELLED_ideal_differential_drive_equal_wheel_angular_speed
0.01,3.3,3.2979516083077436,0.10067339828609582,3.496940435243331,MODELLED_ideal_differential_drive_equal_wheel_angular_speed
0.01,3.4,3.3977597166012097,0.10686522098813439,3.602908327220402,MODELLED_ideal_differential_drive_equal_wheel_angular_speed
0.01,3.5,3.4975562024934357,0.11324162695514917,3.7088762191974727,MODELLED_ideal_differential_drive_equal_wheel_angular_speed
0.01,3.6,3.597340724619849,0.11980259437595876,3.8148441111745433,MODELLED_ideal_differential_drive_equal_wheel_angular_speed
0.01,3.7,3.6971129416567967,0.12654810080807846,3.9208120031516143,MODELLED_ideal_differential_drive_equal_wheel_angular_speed
0.01,3.8,3.796872512322717,0.13347812317778035,4.026779895128684,MODELLED_ideal_differential_drive_equal_wheel_angular_speed
0.01,3.9,3.8966190953793105,0.14059263778017722,4.132747787105755,MODELLED_ideal_differential_drive_equal_wheel_angular_speed
0.01,4.0,3.9963523496326987,0.14789162027930672,4.2387156790828255,MODELLED_ideal_differential_drive_equal_wheel_angular_speed
0.01,4.1,4.096071933934597,0.15537504570822136,4.344683571059895,MODELLED_ideal_differential_drive_equal_wheel_angular_speed
0.01,4.2,4.1957775071834815,0.16304288846906054,4.450651463036968,MODELLED_ideal_differential_drive_equal_wheel_angular_speed
0.01,4.3,4.295468728325752,0.1708951223331466,4.556619355014037,MODELLED_ideal_differential_drive_equal_wheel_angular_speed
0.01,4.4,4.395145256356906,0.1789317204410689,4.662587246991109,MODELLED_ideal_differential_drive_equal_wheel_angular_speed
0.01,4.5,4.494806750322694,0.1871526553027917,4.768555138968178,MODELLED_ideal_differential_drive_equal_wheel_angular_speed
0.01,4.6,4.594452869320297,0.19555789879772056,4.87452303094525,MODELLED_ideal_differential_drive_equal_wheel_angular_speed
0.01,4.7,4.694083272499487,0.20414742217481593,4.98049092292232,MODELLED_ideal_differential_drive_equal_wheel_angular_speed
0.01,4.8,4.793697619063791,0.21292119605269555,5.086458814899391,MODELLED_ideal_differential_drive_equal_wheel_angular_speed
0.01,4.9,4.893295568271663,0.22187919041972434,5.192426706876462,MODELLED_ideal_differential_drive_equal_wheel_angular_speed
0.01,5.0,4.992876779437642,0.2310213746341285,5.298394598853531,MODELLED_ideal_differential_drive_equal_wheel_angular_speed
0.01,5.1,5.092440911933526,0.24034771742407954,5.404362490830603,MODELLED_ideal_differential_drive_equal_wheel_angular_speed
0.01,5.2,5.191987625189529,0.2498581868878263,5.510330382807673,MODELLED_ideal_differential_drive_equal_wheel_angular_speed
0.01,5.3,5.291516578695448,0.25955275049379106,5.616298274784744,MODELLED_ideal_differential_drive_equal_wheel_angular_speed
0.01,5.4,5.391027432001833,0.26943137508067755,5.722266166761814,MODELLED_ideal_differential_drive_equal_wheel_angular_speed
0.01,5.5,5.490519844721147,0.27949402685758507,5.828234058738886,MODELLED_ideal_differential_drive_equal_wheel_angular_speed
0.01,5.6,5.589993476528927,0.2897406714041465,5.934201950715956,MODELLED_ideal_differential_drive_equal_wheel_angular_speed
0.01,5.7,5.689447987164958,0.30017127367061225,6.040169842693027,MODELLED_ideal_differential_drive_equal_wheel_angular_speed
0.01,5.8,5.788883036434427,0.3107857979779825,6.146137734670097,MODELLED_ideal_differential_drive_equal_wheel_angular_speed
0.01,5.9,5.888298284209093,0.32158420801814525,6.252105626647168,MODELLED_ideal_differential_drive_equal_wheel_angular_speed
0.01,6.0,5.987693390428444,0.3325664668539841,6.358073518624239,MODELLED_ideal_differential_drive_equal_wheel_angular_speed
0.01,6.1,6.087068015100869,0.3437325369195048,6.464041410601308,MODELLED_ideal_differential_drive_equal_wheel_angular_speed
0.01,6.2,6.186421818304817,0.3550823800199608,6.57000930257838,MODELLED_ideal_differential_drive_equal_wheel_angular_speed
0.01,6.3,6.285754460189952,0.36661595733200364,6.67597719455545,MODELLED_ideal_differential_drive_equal_wheel_angular_speed
0.01,6.4,6.385065600978331,0.3783332294037969,6.781945086532522,MODELLED_ideal_differential_drive_equal_wheel_angular_speed
0.01,6.5,6.484354900965552,0.3902341561551542,6.887912978509592,MODELLED_ideal_differential_drive_equal_wheel_angular_speed
0.01,6.6,6.583622020521925,0.40231869687767763,6.993880870486662,MODELLED_ideal_differential_drive_equal_wheel_angular_speed
0.01,6.7,6.682866620093627,0.4145868102349071,7.099848762463733,MODELLED_ideal_differential_drive_equal_wheel_angular_speed
0.01,6.8,6.782088360203874,0.42703845426244125,7.205816654440804,MODELLED_ideal_differential_drive_equal_wheel_angular_speed
0.01,6.9,6.881286901454067,0.43967358636809284,7.311784546417876,MODELLED_ideal_differential_drive_equal_wheel_angular_speed
0.01,7.0,6.980461904524965,0.45249216333205117,7.417752438394945,MODELLED_ideal_differential_drive_equal_wheel_angular_speed
0.01,7.1,7.079613030177843,0.4654941413069901,7.523720330372015,MODELLED_ideal_differential_drive_equal_wheel_angular_speed
0.01,7.2,7.1787399392556495,0.47867947581824805,7.6296882223490865,MODELLED_ideal_differential_drive_equal_wheel_angular_speed
0.01,7.3,7.277842292684167,0.4920481217639841,7.735656114326157,MODELLED_ideal_differential_drive_equal_wheel_angular_speed
0.01,7.4,7.37691975147318,0.5056000334153102,7.8416240063032285,MODELLED_ideal_differential_drive_equal_wheel_angular_speed
0.01,7.5,7.475971976717617,0.519335164416453,7.947591898280298,MODELLED_ideal_differential_drive_equal_wheel_angular_speed
0.01,7.6,7.5749986295987295,0.533253467784934,8.053559790257369,MODELLED_ideal_differential_drive_equal_wheel_angular_speed
0.01,7.7,7.67399937138524,0.5473548959117017,8.15952768223444,MODELLED_ideal_differential_drive_equal_wheel_angular_speed
0.01,7.8,7.7729738634344985,0.5616394005613059,8.26549557421151,MODELLED_ideal_differential_drive_equal_wheel_angular_speed
0.01,7.9,7.871921767193653,0.5761069328720771,8.371463466188581,MODELLED_ideal_differential_drive_equal_wheel_angular_speed
0.01,8.0,7.970842744200788,0.5907574433562595,8.477431358165651,MODELLED_ideal_differential_drive_equal_wheel_angular_speed
0.01,8.1,8.069736456086103,0.60559088190022,8.58339925014272,MODELLED_ideal_differential_drive_equal_wheel_angular_speed
0.01,8.2,8.168602564573062,0.6206071977645874,8.68936714211979,MODELLED_ideal_differential_drive_equal_wheel_angular_speed
0.01,8.3,8.267440731479546,0.6358063395844438,8.795335034096864,MODELLED_ideal_differential_drive_equal_wheel_angular_speed
0.01,8.4,8.366250618719006,0.6511882553695046,8.901302926073935,MODELLED_ideal_differential_drive_equal_wheel_angular_speed
0.01,8.5,8.465031888301636,0.6667528925042693,9.007270818051005,MODELLED_ideal_differential_drive_equal_wheel_angular_speed
0.01,8.6,8.563784202335523,0.6825001977482246,9.113238710028075,MODELLED_ideal_differential_drive_equal_wheel_angular_speed
0.01,8.7,8.662507223027788,0.6984301172360432,9.219206602005146,MODELLED_ideal_differential_drive_equal_wheel_angular_speed
0.01,8.8,8.76120061268576,0.7145425964777098,9.325174493982217,MODELLED_ideal_differential_drive_equal_wheel_angular_speed
0.01,8.9,8.859864033718123,0.730837580358767,9.431142385959287,MODELLED_ideal_differential_drive_equal_wheel_angular_speed
0.01,9.0,8.958497148636074,0.7473150131404834,9.537110277936357,MODELLED_ideal_differential_drive_equal_wheel_angular_speed
0.01,9.1,9.05709962005447,0.7639748384600339,9.643078169913426,MODELLED_ideal_differential_drive_equal_wheel_angular_speed
0.01,9.2,9.155671110692994,0.7808169993306913,9.7490460618905,MODELLED_ideal_differential_drive_equal_wheel_angular_speed
0.01,9.3,9.254211283377296,0.7978414381420432,9.855013953867571,MODELLED_ideal_differential_drive_equal_wheel_angular_speed
0.01,9.4,9.352719801040154,0.8150480966601774,9.96098184584464,MODELLED_ideal_differential_drive_equal_wheel_angular_speed
0.01,9.5,9.45119632672263,0.8324369160278682,10.06694973782171,MODELLED_ideal_differential_drive_equal_wheel_angular_speed
0.01,9.6,9.549640523575214,0.8500078367647985,10.172917629798782,MODELLED_ideal_differential_drive_equal_wheel_angular_speed
0.01,9.7,9.648052054858978,0.8677607987677463,10.278885521775852,MODELLED_ideal_differential_drive_equal_wheel_angular_speed
0.01,9.8,9.746430583946735,0.8856957413108116,10.384853413752923,MODELLED_ideal_differential_drive_equal_wheel_angular_speed
0.01,9.9,9.844775774324182,0.9038126030455923,10.490821305729993,MODELLED_ideal_differential_drive_equal_wheel_angular_speed
0.01,10.0,9.943087289591055,0.9221113220014285,10.596789197707063,MODELLED_ideal_differential_drive_equal_wheel_angular_speed
0.02,0.0,0.0,0.0,0.0,MODELLED_ideal_differential_drive_equal_wheel_angular_speed
0.02,0.1,0.09999977421184862,0.00018403306545295342,0.21088659690486333,MODELLED_ideal_differential_drive_equal_wheel_angular_speed
0.02,0.2,0.19999819369845945,0.0007361297686655398,0.42177319380972667,MODELLED_ideal_differential_drive_equal_wheel_angular_speed
0.02,0.3,0.29999390375294743,0.0016562826302230684,0.6326597907145899,MODELLED_ideal_differential_drive_equal_wheel_angular_speed
0.02,0.4,0.39998554970513334,0.00294447918456007,0.8435463876194533,MODELLED_ideal_differential_drive_equal_wheel_angular_speed
0.02,0.5,0.4999717769398949,0.004600701980108098,1.0544329845243166,MODELLED_ideal_differential_drive_equal_wheel_angular_speed
0.02,0.6,0.5999512309155192,0.006624928579552122,1.2653195814291798,MODELLED_ideal_differential_drive_equal_wheel_angular_speed
0.02,0.7,0.6999225571820524,0.009017131560120096,1.476206178334043,MODELLED_ideal_differential_drive_equal_wheel_angular_speed
0.02,0.8,0.7998844013996493,0.011777278513963017,1.6870927752389067,MODELLED_ideal_differential_drive_equal_wheel_angular_speed
0.02,0.9,0.8998354093569202,0.014905332048586278,1.8979793721437699,MODELLED_ideal_differential_drive_equal_wheel_angular_speed
0.02,1.0,0.9997742269892774,0.018401249787362434,2.108865969048633,MODELLED_ideal_differential_drive_equal_wheel_angular_speed
0.02,1.1,1.0996995003972796,0.022264984370110357,2.3197525659534968,MODELLED_ideal_differential_drive_equal_wheel_angular_speed
0.02,1.2,1.199609875864972,0.026496483453719615,2.5306391628583595,MODELLED_ideal_differential_drive_equal_wheel_angular_speed
0.02,1.3,1.2995039998782272,0.031095689712874405,2.741525759763223,MODELLED_ideal_differential_drive_equal_wheel_angular_speed
0.02,1.4,1.3993805191430804,0.03606254084083176,2.952412356668086,MODELLED_ideal_differential_drive_equal_wheel_angular_speed
0.02,1.5,1.4992380806040637,0.04139696955024808,3.1632989535729497,MODELLED_ideal_differential_drive_equal_wheel_angular_speed
0.02,1.6,1.5990753314625354,0.0470989035741081,3.3741855504778133,MODELLED_ideal_differential_drive_equal_wheel_angular_speed
0.02,1.7,1.6988909191950077,0.05316826566670224,3.5850721473826765,MODELLED_ideal_differential_drive_equal_wheel_angular_speed
0.02,1.8,1.7986834915714693,0.05960497360466123,3.7959587442875398,MODELLED_ideal_differential_drive_equal_wheel_angular_speed
0.02,1.9,1.8984516966737037,0.06640894018808419,4.006845341192403,MODELLED_ideal_differential_drive_equal_wheel_angular_speed
0.02,2.0,1.998194182913606,0.073580073241709,4.217731938097266,MODELLED_ideal_differential_drive_equal_wheel_angular_speed
0.02,2.1,2.097909599051491,0.0811182756161671,4.42861853500213,MODELLED_ideal_differential_drive_equal_wheel_angular_speed
0.02,2.2,2.197596594214401,0.08902344518929865,4.6395051319069935,MODELLED_ideal_differential_drive_equal_wheel_angular_speed
0.02,2.3,2.2972538179144024,0.09729547486753401,4.850391728811856,MODELLED_ideal_differential_drive_equal_wheel_angular_speed
0.02,2.4,2.3968799200668887,0.10593425258734457,5.061278325716719,MODELLED_ideal_differential_drive_equal_wheel_angular_speed
0.02,2.5,2.4964735510088616,0.11493966131676611,5.272164922621583,MODELLED_ideal_differential_drive_equal_wheel_angular_speed
0.02,2.6,2.596033361517222,0.12431157905697625,5.483051519526446,MODELLED_ideal_differential_drive_equal_wheel_angular_speed
0.02,2.7,2.695558002827044,0.13404987884395955,5.69393811643131,MODELLED_ideal_differential_drive_equal_wheel_angular_speed
0.02,2.8,2.7950461266498503,0.14415442875020573,5.904824713336172,MODELLED_ideal_differential_drive_equal_wheel_angular_speed
0.02,2.9,2.8944963851918764,0.15462509188651943,6.1157113102410365,MODELLED_ideal_differential_drive_equal_wheel_angular_speed
0.02,3.0,2.9939074311723264,0.16546172640386933,6.326597907145899,MODELLED_ideal_differential_drive_equal_wheel_angular_speed
0.02,3.1,3.093277917841633,0.17666418549529442,6.537484504050763,MODELLED_ideal_differential_drive_equal_wheel_angular_speed
0.02,3.2,3.192606498999694,0.18823231739791887,6.748371100955627,MODELLED_ideal_differential_drive_equal_wheel_angular_speed
0.02,3.3,3.2918918290141126,0.20016596539497927,6.959257697860489,MODELLED_ideal_differential_drive_equal_wheel_angular_speed
0.02,3.4,3.3911325628384303,0.21246496781797203,7.170144294765353,MODELLED_ideal_differential_drive_equal_wheel_angular_speed
0.02,3.5,3.490327356030344,0.22512915804883427,7.381030891670217,MODELLED_ideal_differential_drive_equal_wheel_angular_speed
0.02,3.6,3.5894748647699206,0.2381583645221941,7.5919174885750795,MODELLED_ideal_differential_drive_equal_wheel_angular_speed
0.02,3.7,3.6885737458778043,0.2515524107277023,7.802804085479943,MODELLED_ideal_differential_drive_equal_wheel_angular_speed
0.02,3.8,3.7876226568334115,0.26531111521243017,8.013690682384807,MODELLED_ideal_differential_drive_equal_wheel_angular_speed
0.02,3.9,3.886620255793118,0.2794342915833129,8.224577279289669,MODELLED_ideal_differential_drive_equal_wheel_angular_speed
0.02,4.0,3.9855652016084377,0.2939217485096833,8.435463876194532,MODELLED_ideal_differential_drive_equal_wheel_angular_speed
0.02,4.1,4.084456153844191,0.3087732897258599,8.646350473099396,MODELLED_ideal_differential_drive_equal_wheel_angular_speed
0.02,4.2,4.1832917727966645,0.3239887140338162,8.85723707000426,MODELLED_ideal_differential_drive_equal_wheel_angular_speed
0.02,4.3,4.282070719511763,0.33956781530589275,9.068123666909122,MODELLED_ideal_differential_drive_equal_wheel_angular_speed
0.02,4.4,4.380791655803145,0.35551038248759603,9.279010263813987,MODELLED_ideal_differential_drive_equal_wheel_angular_speed
0.02,4.5,4.479453244270348,0.3718161996004551,9.489896860718849,MODELLED_ideal_differential_drive_equal_wheel_angular_speed
0.02,4.6,4.578054148316918,0.3884850457449504,9.700783457623713,MODELLED_ideal_differential_drive_equal_wheel_angular_speed
0.02,4.7,4.676593032168507,0.405516695103512,9.911670054528576,MODELLED_ideal_differential_drive_equal_wheel_angular_speed
0.02,4.8,4.775068560890971,0.4229109169435634,10.122556651433438,MODELLED_ideal_differential_drive_equal_wheel_angular_speed
0.02,4.9,4.87347940040846,0.44066747562066116,10.333443248338304,MODELLED_ideal_differential_drive_equal_wheel_angular_speed
0.02,5.0,4.97182421752148,0.45878613058167733,10.544329845243166,MODELLED_ideal_differential_drive_equal_wheel_angular_speed
0.02,5.1,5.070101679924968,0.47726663636806926,10.75521644214803,MODELLED_ideal_differential_drive_equal_wheel_angular_speed
0.02,5.2,5.168310456226332,0.4961087426191916,10.966103039052893,MODELLED_ideal_differential_drive_equal_wheel_angular_speed
0.02,5.3,5.266449215963488,0.5153121940757015,11.176989635957755,MODELLED_ideal_differential_drive_equal_wheel_angular_speed
0.02,5.4,5.36451662962289,0.5348767305830127,11.38787623286262,MODELLED_ideal_differential_drive_equal_wheel_angular_speed
0.02,5.5,5.462511368657532,0.5548020870948063,11.598762829767482,MODELLED_ideal_differential_drive_equal_wheel_angular_speed
0.02,5.6,5.560432105504958,0.5750879936766417,11.809649426672344,MODELLED_ideal_differential_drive_equal_wheel_angular_speed
0.02,5.7,5.6582775136052375,0.5957341755096027,12.02053602357721,MODELLED_ideal_differential_drive_equal_wheel_angular_speed
0.02,5.8,5.75604626741894,0.6167403528940206,12.231422620482073,MODELLED_ideal_differential_drive_equal_wheel_angular_speed
0.02,5.9,5.85373704244509,0.6381062412532681,12.442309217386937,MODELLED_ideal_differential_drive_equal_wheel_angular_speed
0.02,6.0,5.9513485152391175,0.6598315511376116,12.653195814291799,MODELLED_ideal_differential_drive_equal_wheel_angular_speed
0.02,6.1,6.04887936343078,0.6819159882281259,12.864082411196662,MODELLED_ideal_differential_drive_equal_wheel_angular_speed
0.02,6.2,6.146328265742078,0.7043592533406948,13.074969008101526,MODELLED_ideal_differential_drive_equal_wheel_angular_speed
0.02,6.3,6.243693902005156,0.7271610424300551,13.28585560500639,MODELLED_ideal_differential_drive_equal_wheel_angular_speed
0.02,6.4,6.340974953180192,0.7503210465939175,13.496742201911253,MODELLED_ideal_differential_drive_equal_wheel_angular_speed
0.02,6.5,6.438170101373254,0.7738389520771533,13.707628798816115,MODELLED_ideal_differential_drive_equal_wheel_angular_speed
0.02,6.6,6.53527802985417,0.797714440276041,13.918515395720979,MODELLED_ideal_differential_drive_equal_wheel_angular_speed
0.02,6.7,6.632297423074354,0.8219471877425866,14.129401992625843,MODELLED_ideal_differential_drive_equal_wheel_angular_speed
0.02,6.8,6.729226966684632,0.8465368661889022,14.340288589530706,MODELLED_ideal_differential_drive_equal_wheel_angular_speed
0.02,6.9,6.8260653475530475,0.8714831424916564,14.55117518643557,MODELLED_ideal_differential_drive_equal_wheel_angular_speed
0.02,7.0,6.922811253782655,0.8967856786965857,14.762061783340434,MODELLED_ideal_differential_drive_equal_wheel_angular_speed
0.02,7.1,7.019463374729288,0.9224441320230706,14.972948380245297,MODELLED_ideal_differential_drive_equal_wheel_angular_speed
0.02,7.2,7.116020401019312,0.9484581548687878,15.183834977150159,MODELLED_ideal_differential_drive_equal_wheel_angular_speed
0.02,7.3,7.212481024567371,0.9748273948144021,15.394721574055023,MODELLED_ideal_differential_drive_equal_wheel_angular_speed
0.02,7.4,7.308843938594103,1.0015514946283632,15.605608170959886,MODELLED_ideal_differential_drive_equal_wheel_angular_speed
0.02,7.5,7.405107837643843,1.0286300922717297,15.81649476786475,MODELLED_ideal_differential_drive_equal_wheel_angular_speed
0.02,7.6,7.501271417602314,1.0560628209030718,16.027381364769614,MODELLED_ideal_differential_drive_equal_wheel_angular_speed
0.02,7.7,7.597333375714284,1.083849308883459,16.238267961674477,MODELLED_ideal_differential_drive_equal_wheel_angular_speed
0.02,7.8,7.693292410601225,1.1119891797814698,16.449154558579338,MODELLED_ideal_differential_drive_equal_wheel_angular_speed
0.02,7.9,7.789147222278937,1.140482052378313,16.6600411554842,MODELLED_ideal_differential_drive_equal_wheel_angular_speed
0.02,8.0,7.884896512175166,1.1693275406729804,16.870927752389065,MODELLED_ideal_differential_drive_equal_wheel_angular_speed
0.02,8.1,7.980538983147185,1.1985252538874822,17.08181434929393,MODELLED_ideal_differential_drive_equal_wheel_angular_speed
0.02,8.2,8.076073339499379,1.2280747964721332,17.292700946198792,MODELLED_ideal_differential_drive_equal_wheel_angular_speed
0.02,8.3,8.171498287000789,1.2579757681109176,17.50358754310366,MODELLED_ideal_differential_drive_equal_wheel_angular_speed
0.02,8.4,8.266812532902645,1.2882277637269128,17.71447414000852,MODELLED_ideal_differential_drive_equal_wheel_angular_speed
0.02,8.5,8.362014785955887,1.3188303734877764,17.925360736913383,MODELLED_ideal_differential_drive_equal_wheel_angular_speed
0.02,8.6,8.457103756428662,1.3497831828112927,18.136247333818243,MODELLED_ideal_differential_drive_equal_wheel_angular_speed
0.02,8.7,8.552078156123773,1.3810857723709933,18.347133930723107,MODELLED_ideal_differential_drive_equal_wheel_angular_speed
0.02,8.8,8.646936698396157,1.4127377181018417,18.558020527627974,MODELLED_ideal_differential_drive_equal_wheel_angular_speed
0.02,8.9,8.741678098170295,1.4447385912059711,18.768907124532834,MODELLED_ideal_differential_drive_equal_wheel_angular_speed
0.02,9.0,8.836301071957639,1.4770879581585,18.979793721437698,MODELLED_ideal_differential_drive_equal_wheel_angular_speed
0.02,9.1,8.930804337873989,1.5097853807133987,19.19068031834256,MODELLED_ideal_differential_drive_equal_wheel_angular_speed
0.02,9.2,9.025186615656857,1.542830415909435,19.401566915247425,MODELLED_ideal_differential_drive_equal_wheel_angular_speed
0.02,9.3,9.119446626682823,1.576222616076167,19.612453512152292,MODELLED_ideal_differential_drive_equal_wheel_angular_speed
0.02,9.4,9.213583093984843,1.6099615288400035,19.823340109057153,MODELLED_ideal_differential_drive_equal_wheel_angular_speed
0.02,9.5,9.307594742269554,1.6440466971303518,20.034226705962013,MODELLED_ideal_differential_drive_equal_wheel_angular_speed
0.02,9.6,9.401480297934558,1.6784776591857908,20.245113302866876,MODELLED_ideal_differential_drive_equal_wheel_angular_speed
0.02,9.7,9.495238489085668,1.7132539485603346,20.45599989977174,MODELLED_ideal_differential_drive_equal_wheel_angular_speed
0.02,9.8,9.588868045554134,1.7483750941297505,20.666886496676607,MODELLED_ideal_differential_drive_equal_wheel_angular_speed
0.02,9.9,9.682367698913865,1.7838406200979426,20.87777309358147,MODELLED_ideal_differential_drive_equal_wheel_angular_speed
0.02,10.0,9.775736182498592,1.8196500460033909,21.08865969048633,MODELLED_ideal_differential_drive_equal_wheel_angular_speed
