irradiance_W_m2,cell_temperature_C,panel_dc_W,after_controller_W,evidence
0,25,0,0.0,MODELLED_selected_panel_coefficient_separate_controller_efficiency_scenario
20,25,0.4,0.36000000000000004,MODELLED_selected_panel_coefficient_separate_controller_efficiency_scenario
40,25,0.8,0.7200000000000001,MODELLED_selected_panel_coefficient_separate_controller_efficiency_scenario
60,25,1.2,1.08,MODELLED_selected_panel_coefficient_separate_controller_efficiency_scenario
80,25,1.6,1.4400000000000002,MODELLED_selected_panel_coefficient_separate_controller_efficiency_scenario
100,25,2.0,1.8,MODELLED_selected_panel_coefficient_separate_controller_efficiency_scenario
120,25,2.4,2.16,MODELLED_selected_panel_coefficient_separate_controller_efficiency_scenario
140,25,2.8,2.52,MODELLED_selected_panel_coefficient_separate_controller_efficiency_scenario
160,25,3.2,2.8800000000000003,MODELLED_selected_panel_coefficient_separate_controller_efficiency_scenario
180,25,3.6,3.24,MODELLED_selected_panel_coefficient_separate_controller_efficiency_scenario
200,25,4.0,3.6,MODELLED_selected_panel_coefficient_separate_controller_efficiency_scenario
220,25,4.4,3.9600000000000004,MODELLED_selected_panel_coefficient_separate_controller_efficiency_scenario
240,25,4.8,4.32,MODELLED_selected_panel_coefficient_separate_controller_efficiency_scenario
260,25,5.2,4.680000000000001,MODELLED_selected_panel_coefficient_separate_controller_efficiency_scenario
280,25,5.6,5.04,MODELLED_selected_panel_coefficient_separate_controller_efficiency_scenario
300,25,6.0,5.4,MODELLED_selected_panel_coefficient_separate_controller_efficiency_scenario
320,25,6.4,5.760000000000001,MODELLED_selected_panel_coefficient_separate_controller_efficiency_scenario
340,25,6.8,6.12,MODELLED_selected_panel_coefficient_separate_controller_efficiency_scenario
360,25,7.2,6.48,MODELLED_selected_panel_coefficient_separate_controller_efficiency_scenario
380,25,7.6,6.84,MODELLED_selected_panel_coefficient_separate_controller_efficiency_scenario
400,25,8.0,7.2,MODELLED_selected_panel_coefficient_separate_controller_efficiency_scenario
420,25,8.4,7.5600000000000005,MODELLED_selected_panel_coefficient_separate_controller_efficiency_scenario
440,25,8.8,7.920000000000001,MODELLED_selected_panel_coefficient_separate_controller_efficiency_scenario
460,25,9.2,8.28,MODELLED_selected_panel_coefficient_separate_controller_efficiency_scenario
480,25,9.6,8.64,MODELLED_selected_panel_coefficient_separate_controller_efficiency_scenario
500,25,10.0,9.0,MODELLED_selected_panel_coefficient_separate_controller_efficiency_scenario
520,25,10.4,9.360000000000001,MODELLED_selected_panel_coefficient_separate_controller_efficiency_scenario
540,25,10.8,9.72,MODELLED_selected_panel_coefficient_separate_controller_efficiency_scenario
560,25,11.2,10.08,MODELLED_selected_panel_coefficient_separate_controller_efficiency_scenario
580,25,11.6,10.44,MODELLED_selected_panel_coefficient_separate_controller_efficiency_scenario
600,25,12.0,10.8,MODELLED_selected_panel_coefficient_separate_controller_efficiency_scenario
620,25,12.4,11.16,MODELLED_selected_panel_coefficient_separate_controller_efficiency_scenario
640,25,12.8,11.520000000000001,MODELLED_selected_panel_coefficient_separate_controller_efficiency_scenario
660,25,13.2,11.879999999999999,MODELLED_selected_panel_coefficient_separate_controller_efficiency_scenario
680,25,13.6,12.24,MODELLED_selected_panel_coefficient_separate_controller_efficiency_scenario
700,25,14.0,12.6,MODELLED_selected_panel_coefficient_separate_controller_efficiency_scenario
720,25,14.4,12.96,MODELLED_selected_panel_coefficient_separate_controller_efficiency_scenario
740,25,14.8,13.32,MODELLED_selected_panel_coefficient_separate_controller_efficiency_scenario
760,25,15.2,13.68,MODELLED_selected_panel_coefficient_separate_controller_efficiency_scenario
780,25,15.6,14.04,MODELLED_selected_panel_coefficient_separate_controller_efficiency_scenario
800,25,16.0,14.4,MODELLED_selected_panel_coefficient_separate_controller_efficiency_scenario
820,25,16.4,14.76,MODELLED_selected_panel_coefficient_separate_controller_efficiency_scenario
840,25,16.8,15.120000000000001,MODELLED_selected_panel_coefficient_separate_controller_efficiency_scenario
860,25,17.2,15.48,MODELLED_selected_panel_coefficient_separate_controller_efficiency_scenario
880,25,17.6,15.840000000000002,MODELLED_selected_panel_coefficient_separate_controller_efficiency_scenario
900,25,18.0,16.2,MODELLED_selected_panel_coefficient_separate_controller_efficiency_scenario
920,25,18.4,16.56,MODELLED_selected_panel_coefficient_separate_controller_efficiency_scenario
940,25,18.8,16.92,MODELLED_selected_panel_coefficient_separate_controller_efficiency_scenario
960,25,19.2,17.28,MODELLED_selected_panel_coefficient_separate_controller_efficiency_scenario
980,25,19.6,17.64,MODELLED_selected_panel_coefficient_separate_controller_efficiency_scenario
1000,25,20.0,18.0,MODELLED_selected_panel_coefficient_separate_controller_efficiency_scenario
0,40,0,0.0,MODELLED_selected_panel_coefficient_separate_controller_efficiency_scenario
20,40,0.3772,0.33948,MODELLED_selected_panel_coefficient_separate_controller_efficiency_scenario
40,40,0.7544,0.67896,MODELLED_selected_panel_coefficient_separate_controller_efficiency_scenario
60,40,1.1316,1.01844,MODELLED_selected_panel_coefficient_separate_controller_efficiency_scenario
80,40,1.5088,1.35792,MODELLED_selected_panel_coefficient_separate_controller_efficiency_scenario
100,40,1.886,1.6974,MODELLED_selected_panel_coefficient_separate_controller_efficiency_scenario
120,40,2.2632,2.03688,MODELLED_selected_panel_coefficient_separate_controller_efficiency_scenario
140,40,2.6403999999999996,2.3763599999999996,MODELLED_selected_panel_coefficient_separate_controller_efficiency_scenario
160,40,3.0176,2.71584,MODELLED_selected_panel_coefficient_separate_controller_efficiency_scenario
180,40,3.3948,3.05532,MODELLED_selected_panel_coefficient_separate_controller_efficiency_scenario
200,40,3.772,3.3948,MODELLED_selected_panel_coefficient_separate_controller_efficiency_scenario
220,40,4.1492,3.7342800000000005,MODELLED_selected_panel_coefficient_separate_controller_efficiency_scenario
240,40,4.5264,4.07376,MODELLED_selected_panel_coefficient_separate_controller_efficiency_scenario
260,40,4.9036,4.41324,MODELLED_selected_panel_coefficient_separate_controller_efficiency_scenario
280,40,5.280799999999999,4.752719999999999,MODELLED_selected_panel_coefficient_separate_controller_efficiency_scenario
300,40,5.6579999999999995,5.0922,MODELLED_selected_panel_coefficient_separate_controller_efficiency_scenario
320,40,6.0352,5.43168,MODELLED_selected_panel_coefficient_separate_controller_efficiency_scenario
340,40,6.4124,5.77116,MODELLED_selected_panel_coefficient_separate_controller_efficiency_scenario
360,40,6.7896,6.11064,MODELLED_selected_panel_coefficient_separate_controller_efficiency_scenario
380,40,7.166799999999999,6.450119999999999,MODELLED_selected_panel_coefficient_separate_controller_efficiency_scenario
400,40,7.544,6.7896,MODELLED_selected_panel_coefficient_separate_controller_efficiency_scenario
420,40,7.9212,7.12908,MODELLED_selected_panel_coefficient_separate_controller_efficiency_scenario
440,40,8.2984,7.468560000000001,MODELLED_selected_panel_coefficient_separate_controller_efficiency_scenario
460,40,8.6756,7.808039999999999,MODELLED_selected_panel_coefficient_separate_controller_efficiency_scenario
480,40,9.0528,8.14752,MODELLED_selected_panel_coefficient_separate_controller_efficiency_scenario
500,40,9.43,8.487,MODELLED_selected_panel_coefficient_separate_controller_efficiency_scenario
520,40,9.8072,8.82648,MODELLED_selected_panel_coefficient_separate_controller_efficiency_scenario
540,40,10.1844,9.16596,MODELLED_selected_panel_coefficient_separate_controller_efficiency_scenario
560,40,10.561599999999999,9.505439999999998,MODELLED_selected_panel_coefficient_separate_controller_efficiency_scenario
580,40,10.938799999999999,9.844919999999998,MODELLED_selected_panel_coefficient_separate_controller_efficiency_scenario
600,40,11.315999999999999,10.1844,MODELLED_selected_panel_coefficient_separate_controller_efficiency_scenario
620,40,11.6932,10.52388,MODELLED_selected_panel_coefficient_separate_controller_efficiency_scenario
640,40,12.0704,10.86336,MODELLED_selected_panel_coefficient_separate_controller_efficiency_scenario
660,40,12.447599999999998,11.202839999999998,MODELLED_selected_panel_coefficient_separate_controller_efficiency_scenario
680,40,12.8248,11.54232,MODELLED_selected_panel_coefficient_separate_controller_efficiency_scenario
700,40,13.202,11.8818,MODELLED_selected_panel_coefficient_separate_controller_efficiency_scenario
720,40,13.5792,12.22128,MODELLED_selected_panel_coefficient_separate_controller_efficiency_scenario
740,40,13.9564,12.56076,MODELLED_selected_panel_coefficient_separate_controller_efficiency_scenario
760,40,14.333599999999999,12.900239999999998,MODELLED_selected_panel_coefficient_separate_controller_efficiency_scenario
780,40,14.710799999999999,13.23972,MODELLED_selected_panel_coefficient_separate_controller_efficiency_scenario
800,40,15.088,13.5792,MODELLED_selected_panel_coefficient_separate_controller_efficiency_scenario
820,40,15.465199999999998,13.918679999999998,MODELLED_selected_panel_coefficient_separate_controller_efficiency_scenario
840,40,15.8424,14.25816,MODELLED_selected_panel_coefficient_separate_controller_efficiency_scenario
860,40,16.2196,14.59764,MODELLED_selected_panel_coefficient_separate_controller_efficiency_scenario
880,40,16.5968,14.937120000000002,MODELLED_selected_panel_coefficient_separate_controller_efficiency_scenario
900,40,16.974,15.2766,MODELLED_selected_panel_coefficient_separate_controller_efficiency_scenario
920,40,17.3512,15.616079999999998,MODELLED_selected_panel_coefficient_separate_controller_efficiency_scenario
940,40,17.7284,15.95556,MODELLED_selected_panel_coefficient_separate_controller_efficiency_scenario
960,40,18.1056,16.29504,MODELLED_selected_panel_coefficient_separate_controller_efficiency_scenario
980,40,18.4828,16.634520000000002,MODELLED_selected_panel_coefficient_separate_controller_efficiency_scenario
1000,40,18.86,16.974,MODELLED_selected_panel_coefficient_separate_controller_efficiency_scenario
0,50,0,0.0,MODELLED_selected_panel_coefficient_separate_controller_efficiency_scenario
20,50,0.36200000000000004,0.32580000000000003,MODELLED_selected_panel_coefficient_separate_controller_efficiency_scenario
40,50,0.7240000000000001,0.6516000000000001,MODELLED_selected_panel_coefficient_separate_controller_efficiency_scenario
60,50,1.086,0.9774,MODELLED_selected_panel_coefficient_separate_controller_efficiency_scenario
80,50,1.4480000000000002,1.3032000000000001,MODELLED_selected_panel_coefficient_separate_controller_efficiency_scenario
100,50,1.81,1.629,MODELLED_selected_panel_coefficient_separate_controller_efficiency_scenario
120,50,2.172,1.9548,MODELLED_selected_panel_coefficient_separate_controller_efficiency_scenario
140,50,2.534,2.2805999999999997,MODELLED_selected_panel_coefficient_separate_controller_efficiency_scenario
160,50,2.8960000000000004,2.6064000000000003,MODELLED_selected_panel_coefficient_separate_controller_efficiency_scenario
180,50,3.258,2.9322,MODELLED_selected_panel_coefficient_separate_controller_efficiency_scenario
200,50,3.62,3.258,MODELLED_selected_panel_coefficient_separate_controller_efficiency_scenario
220,50,3.9820000000000007,3.5838000000000005,MODELLED_selected_panel_coefficient_separate_controller_efficiency_scenario
240,50,4.344,3.9096,MODELLED_selected_panel_coefficient_separate_controller_efficiency_scenario
260,50,4.706,4.2354,MODELLED_selected_panel_coefficient_separate_controller_efficiency_scenario
280,50,5.068,4.5611999999999995,MODELLED_selected_panel_coefficient_separate_controller_efficiency_scenario
300,50,5.43,4.887,MODELLED_selected_panel_coefficient_separate_controller_efficiency_scenario
320,50,5.792000000000001,5.2128000000000005,MODELLED_selected_panel_coefficient_separate_controller_efficiency_scenario
340,50,6.154,5.5386,MODELLED_selected_panel_coefficient_separate_controller_efficiency_scenario
360,50,6.516,5.8644,MODELLED_selected_panel_coefficient_separate_controller_efficiency_scenario
380,50,6.878,6.1902,MODELLED_selected_panel_coefficient_separate_controller_efficiency_scenario
400,50,7.24,6.516,MODELLED_selected_panel_coefficient_separate_controller_efficiency_scenario
420,50,7.602,6.8418,MODELLED_selected_panel_coefficient_separate_controller_efficiency_scenario
440,50,7.964000000000001,7.167600000000001,MODELLED_selected_panel_coefficient_separate_controller_efficiency_scenario
460,50,8.325999999999999,7.493399999999999,MODELLED_selected_panel_coefficient_separate_controller_efficiency_scenario
480,50,8.688,7.8192,MODELLED_selected_panel_coefficient_separate_controller_efficiency_scenario
500,50,9.05,8.145000000000001,MODELLED_selected_panel_coefficient_separate_controller_efficiency_scenario
520,50,9.412,8.4708,MODELLED_selected_panel_coefficient_separate_controller_efficiency_scenario
540,50,9.774000000000001,8.796600000000002,MODELLED_selected_panel_coefficient_separate_controller_efficiency_scenario
560,50,10.136,9.122399999999999,MODELLED_selected_panel_coefficient_separate_controller_efficiency_scenario
580,50,10.498,9.4482,MODELLED_selected_panel_coefficient_separate_controller_efficiency_scenario
600,50,10.86,9.774,MODELLED_selected_panel_coefficient_separate_controller_efficiency_scenario
620,50,11.222000000000001,10.099800000000002,MODELLED_selected_panel_coefficient_separate_controller_efficiency_scenario
640,50,11.584000000000001,10.425600000000001,MODELLED_selected_panel_coefficient_separate_controller_efficiency_scenario
660,50,11.946,10.7514,MODELLED_selected_panel_coefficient_separate_controller_efficiency_scenario
680,50,12.308,11.0772,MODELLED_selected_panel_coefficient_separate_controller_efficiency_scenario
700,50,12.67,11.403,MODELLED_selected_panel_coefficient_separate_controller_efficiency_scenario
720,50,13.032,11.7288,MODELLED_selected_panel_coefficient_separate_controller_efficiency_scenario
740,50,13.394000000000002,12.054600000000002,MODELLED_selected_panel_coefficient_separate_controller_efficiency_scenario
760,50,13.756,12.3804,MODELLED_selected_panel_coefficient_separate_controller_efficiency_scenario
780,50,14.118,12.7062,MODELLED_selected_panel_coefficient_separate_controller_efficiency_scenario
800,50,14.48,13.032,MODELLED_selected_panel_coefficient_separate_controller_efficiency_scenario
820,50,14.841999999999999,13.3578,MODELLED_selected_panel_coefficient_separate_controller_efficiency_scenario
840,50,15.204,13.6836,MODELLED_selected_panel_coefficient_separate_controller_efficiency_scenario
860,50,15.565999999999999,14.0094,MODELLED_selected_panel_coefficient_separate_controller_efficiency_scenario
880,50,15.928000000000003,14.335200000000002,MODELLED_selected_panel_coefficient_separate_controller_efficiency_scenario
900,50,16.29,14.661,MODELLED_selected_panel_coefficient_separate_controller_efficiency_scenario
920,50,16.651999999999997,14.986799999999999,MODELLED_selected_panel_coefficient_separate_controller_efficiency_scenario
940,50,17.014000000000003,15.312600000000003,MODELLED_selected_panel_coefficient_separate_controller_efficiency_scenario
960,50,17.376,15.6384,MODELLED_selected_panel_coefficient_separate_controller_efficiency_scenario
980,50,17.738000000000003,15.964200000000003,MODELLED_selected_panel_coefficient_separate_controller_efficiency_scenario
1000,50,18.1,16.290000000000003,MODELLED_selected_panel_coefficient_separate_controller_efficiency_scenario
0,60,0,0.0,MODELLED_selected_panel_coefficient_separate_controller_efficiency_scenario
20,60,0.3468,0.31212,MODELLED_selected_panel_coefficient_separate_controller_efficiency_scenario
40,60,0.6936,0.62424,MODELLED_selected_panel_coefficient_separate_controller_efficiency_scenario
60,60,1.0404,0.93636,MODELLED_selected_panel_coefficient_separate_controller_efficiency_scenario
80,60,1.3872,1.24848,MODELLED_selected_panel_coefficient_separate_controller_efficiency_scenario
100,60,1.734,1.5606,MODELLED_selected_panel_coefficient_separate_controller_efficiency_scenario
120,60,2.0808,1.87272,MODELLED_selected_panel_coefficient_separate_controller_efficiency_scenario
140,60,2.4276,2.18484,MODELLED_selected_panel_coefficient_separate_controller_efficiency_scenario
160,60,2.7744,2.49696,MODELLED_selected_panel_coefficient_separate_controller_efficiency_scenario
180,60,3.1212,2.8090800000000002,MODELLED_selected_panel_coefficient_separate_controller_efficiency_scenario
200,60,3.468,3.1212,MODELLED_selected_panel_coefficient_separate_controller_efficiency_scenario
220,60,3.8148000000000004,3.4333200000000006,MODELLED_selected_panel_coefficient_separate_controller_efficiency_scenario
240,60,4.1616,3.74544,MODELLED_selected_panel_coefficient_separate_controller_efficiency_scenario
260,60,4.5084,4.0575600000000005,MODELLED_selected_panel_coefficient_separate_controller_efficiency_scenario
280,60,4.8552,4.36968,MODELLED_selected_panel_coefficient_separate_controller_efficiency_scenario
300,60,5.202,4.6818,MODELLED_selected_panel_coefficient_separate_controller_efficiency_scenario
320,60,5.5488,4.99392,MODELLED_selected_panel_coefficient_separate_controller_efficiency_scenario
340,60,5.8956,5.30604,MODELLED_selected_panel_coefficient_separate_controller_efficiency_scenario
360,60,6.2424,5.6181600000000005,MODELLED_selected_panel_coefficient_separate_controller_efficiency_scenario
380,60,6.5892,5.93028,MODELLED_selected_panel_coefficient_separate_controller_efficiency_scenario
400,60,6.936,6.2424,MODELLED_selected_panel_coefficient_separate_controller_efficiency_scenario
420,60,7.2828,6.55452,MODELLED_selected_panel_coefficient_separate_controller_efficiency_scenario
440,60,7.629600000000001,6.866640000000001,MODELLED_selected_panel_coefficient_separate_controller_efficiency_scenario
460,60,7.976399999999999,7.17876,MODELLED_selected_panel_coefficient_separate_controller_efficiency_scenario
480,60,8.3232,7.49088,MODELLED_selected_panel_coefficient_separate_controller_efficiency_scenario
500,60,8.67,7.803,MODELLED_selected_panel_coefficient_separate_controller_efficiency_scenario
520,60,9.0168,8.115120000000001,MODELLED_selected_panel_coefficient_separate_controller_efficiency_scenario
540,60,9.3636,8.42724,MODELLED_selected_panel_coefficient_separate_controller_efficiency_scenario
560,60,9.7104,8.73936,MODELLED_selected_panel_coefficient_separate_controller_efficiency_scenario
580,60,10.0572,9.05148,MODELLED_selected_panel_coefficient_separate_controller_efficiency_scenario
600,60,10.404,9.3636,MODELLED_selected_panel_coefficient_separate_controller_efficiency_scenario
620,60,10.7508,9.67572,MODELLED_selected_panel_coefficient_separate_controller_efficiency_scenario
640,60,11.0976,9.98784,MODELLED_selected_panel_coefficient_separate_controller_efficiency_scenario
660,60,11.4444,10.29996,MODELLED_selected_panel_coefficient_separate_controller_efficiency_scenario
680,60,11.7912,10.61208,MODELLED_selected_panel_coefficient_separate_controller_efficiency_scenario
700,60,12.138,10.9242,MODELLED_selected_panel_coefficient_separate_controller_efficiency_scenario
720,60,12.4848,11.236320000000001,MODELLED_selected_panel_coefficient_separate_controller_efficiency_scenario
740,60,12.8316,11.54844,MODELLED_selected_panel_coefficient_separate_controller_efficiency_scenario
760,60,13.1784,11.86056,MODELLED_selected_panel_coefficient_separate_controller_efficiency_scenario
780,60,13.5252,12.17268,MODELLED_selected_panel_coefficient_separate_controller_efficiency_scenario
800,60,13.872,12.4848,MODELLED_selected_panel_coefficient_separate_controller_efficiency_scenario
820,60,14.218799999999998,12.796919999999998,MODELLED_selected_panel_coefficient_separate_controller_efficiency_scenario
840,60,14.5656,13.10904,MODELLED_selected_panel_coefficient_separate_controller_efficiency_scenario
860,60,14.9124,13.42116,MODELLED_selected_panel_coefficient_separate_controller_efficiency_scenario
880,60,15.259200000000002,13.733280000000002,MODELLED_selected_panel_coefficient_separate_controller_efficiency_scenario
900,60,15.606,14.0454,MODELLED_selected_panel_coefficient_separate_controller_efficiency_scenario
920,60,15.952799999999998,14.35752,MODELLED_selected_panel_coefficient_separate_controller_efficiency_scenario
940,60,16.2996,14.669640000000001,MODELLED_selected_panel_coefficient_separate_controller_efficiency_scenario
960,60,16.6464,14.98176,MODELLED_selected_panel_coefficient_separate_controller_efficiency_scenario
980,60,16.9932,15.293880000000001,MODELLED_selected_panel_coefficient_separate_controller_efficiency_scenario
1000,60,17.34,15.606,MODELLED_selected_panel_coefficient_separate_controller_efficiency_scenario
