indicated_ppm,manufacturer_absolute_spec_limit_ppm,equivalent_relative_limit_pct,not_a_standard_uncertainty,evidence
50,100.0,200.0,Manufacturer_limit_not_probabilistic_uncertainty,CALCULATED_selected_SEN0244_fullscale_specification
100,100.0,100.0,Manufacturer_limit_not_probabilistic_uncertainty,CALCULATED_selected_SEN0244_fullscale_specification
200,100.0,50.0,Manufacturer_limit_not_probabilistic_uncertainty,CALCULATED_selected_SEN0244_fullscale_specification
300,100.0,33.333333333333336,Manufacturer_limit_not_probabilistic_uncertainty,CALCULATED_selected_SEN0244_fullscale_specification
400,100.0,25.0,Manufacturer_limit_not_probabilistic_uncertainty,CALCULATED_selected_SEN0244_fullscale_specification
500,100.0,20.0,Manufacturer_limit_not_probabilistic_uncertainty,CALCULATED_selected_SEN0244_fullscale_specification
600,100.0,16.666666666666668,Manufacturer_limit_not_probabilistic_uncertainty,CALCULATED_selected_SEN0244_fullscale_specification
800,100.0,12.5,Manufacturer_limit_not_probabilistic_uncertainty,CALCULATED_selected_SEN0244_fullscale_specification
1000,100.0,10.0,Manufacturer_limit_not_probabilistic_uncertainty,CALCULATED_selected_SEN0244_fullscale_specification
