capture_fps,frame_size_bytes_assumed,link_Mbps,inference_ms,acquisition_wait_mean_ms,transfer_ms,other_pipeline_ms,total_event_to_display_ms,partial_capture_transfer_inference_upper_bound_fps,offered_stream_Mbps,network_can_carry_all_captured_frames_ideal,network_minimum_throttle_or_discard_fraction,network_state,travel_during_latency_m,evidence
5,40000,1,25,100.0,320.0,50,495.00000000000006,3.125,1.6,False,0.375,requires_throttling_or_discard,0.17325000000000002,MODELLED_per_accepted_frame_no_queue_jitter_retransmission_or_humanreaction
5,40000,1,50,100.0,320.0,50,520.0,3.125,1.6,False,0.375,requires_throttling_or_discard,0.182,MODELLED_per_accepted_frame_no_queue_jitter_retransmission_or_humanreaction
5,40000,1,100,100.0,320.0,50,570.0000000000001,3.125,1.6,False,0.375,requires_throttling_or_discard,0.1995,MODELLED_per_accepted_frame_no_queue_jitter_retransmission_or_humanreaction
5,40000,1,200,100.0,320.0,50,670.0000000000001,3.125,1.6,False,0.375,requires_throttling_or_discard,0.23450000000000004,MODELLED_per_accepted_frame_no_queue_jitter_retransmission_or_humanreaction
5,40000,2,25,100.0,160.0,50,335.0,5,1.6,True,0.0,within_ideal_payload_capacity,0.11725,MODELLED_per_accepted_frame_no_queue_jitter_retransmission_or_humanreaction
5,40000,2,50,100.0,160.0,50,360.0,5,1.6,True,0.0,within_ideal_payload_capacity,0.126,MODELLED_per_accepted_frame_no_queue_jitter_retransmission_or_humanreaction
5,40000,2,100,100.0,160.0,50,410.0,5,1.6,True,0.0,within_ideal_payload_capacity,0.1435,MODELLED_per_accepted_frame_no_queue_jitter_retransmission_or_humanreaction
5,40000,2,200,100.0,160.0,50,510.0,5,1.6,True,0.0,within_ideal_payload_capacity,0.1785,MODELLED_per_accepted_frame_no_queue_jitter_retransmission_or_humanreaction
5,40000,5,25,100.0,64.0,50,239.0,5,1.6,True,0.0,within_ideal_payload_capacity,0.08364999999999999,MODELLED_per_accepted_frame_no_queue_jitter_retransmission_or_humanreaction
5,40000,5,50,100.0,64.0,50,264.0,5,1.6,True,0.0,within_ideal_payload_capacity,0.0924,MODELLED_per_accepted_frame_no_queue_jitter_retransmission_or_humanreaction
5,40000,5,100,100.0,64.0,50,314.0,5,1.6,True,0.0,within_ideal_payload_capacity,0.1099,MODELLED_per_accepted_frame_no_queue_jitter_retransmission_or_humanreaction
5,40000,5,200,100.0,64.0,50,414.0,5,1.6,True,0.0,within_ideal_payload_capacity,0.14489999999999997,MODELLED_per_accepted_frame_no_queue_jitter_retransmission_or_humanreaction
5,40000,10,25,100.0,32.0,50,207.00000000000003,5,1.6,True,0.0,within_ideal_payload_capacity,0.07245,MODELLED_per_accepted_frame_no_queue_jitter_retransmission_or_humanreaction
5,40000,10,50,100.0,32.0,50,231.99999999999997,5,1.6,True,0.0,within_ideal_payload_capacity,0.0812,MODELLED_per_accepted_frame_no_queue_jitter_retransmission_or_humanreaction
5,40000,10,100,100.0,32.0,50,282.0,5,1.6,True,0.0,within_ideal_payload_capacity,0.09870000000000001,MODELLED_per_accepted_frame_no_queue_jitter_retransmission_or_humanreaction
5,40000,10,200,100.0,32.0,50,382.0,5,1.6,True,0.0,within_ideal_payload_capacity,0.13369999999999999,MODELLED_per_accepted_frame_no_queue_jitter_retransmission_or_humanreaction
10,40000,1,25,50.0,320.0,50,445.0,3.125,3.2,False,0.6875,requires_throttling_or_discard,0.15575,MODELLED_per_accepted_frame_no_queue_jitter_retransmission_or_humanreaction
10,40000,1,50,50.0,320.0,50,470.0,3.125,3.2,False,0.6875,requires_throttling_or_discard,0.16449999999999998,MODELLED_per_accepted_frame_no_queue_jitter_retransmission_or_humanreaction
10,40000,1,100,50.0,320.0,50,520.0,3.125,3.2,False,0.6875,requires_throttling_or_discard,0.182,MODELLED_per_accepted_frame_no_queue_jitter_retransmission_or_humanreaction
10,40000,1,200,50.0,320.0,50,620.0000000000001,3.125,3.2,False,0.6875,requires_throttling_or_discard,0.21700000000000003,MODELLED_per_accepted_frame_no_queue_jitter_retransmission_or_humanreaction
10,40000,2,25,50.0,160.0,50,285.00000000000006,6.25,3.2,False,0.375,requires_throttling_or_discard,0.09975,MODELLED_per_accepted_frame_no_queue_jitter_retransmission_or_humanreaction
10,40000,2,50,50.0,160.0,50,310.0,6.25,3.2,False,0.375,requires_throttling_or_discard,0.1085,MODELLED_per_accepted_frame_no_queue_jitter_retransmission_or_humanreaction
10,40000,2,100,50.0,160.0,50,360.00000000000006,6.25,3.2,False,0.375,requires_throttling_or_discard,0.126,MODELLED_per_accepted_frame_no_queue_jitter_retransmission_or_humanreaction
10,40000,2,200,50.0,160.0,50,460.0,5.0,3.2,False,0.375,requires_throttling_or_discard,0.161,MODELLED_per_accepted_frame_no_queue_jitter_retransmission_or_humanreaction
10,40000,5,25,50.0,64.0,50,189.0,10,3.2,True,0.0,within_ideal_payload_capacity,0.06615,MODELLED_per_accepted_frame_no_queue_jitter_retransmission_or_humanreaction
10,40000,5,50,50.0,64.0,50,214.00000000000003,10,3.2,True,0.0,within_ideal_payload_capacity,0.07490000000000001,MODELLED_per_accepted_frame_no_queue_jitter_retransmission_or_humanreaction
10,40000,5,100,50.0,64.0,50,264.0,10,3.2,True,0.0,within_ideal_payload_capacity,0.0924,MODELLED_per_accepted_frame_no_queue_jitter_retransmission_or_humanreaction
10,40000,5,200,50.0,64.0,50,364.0,5.0,3.2,True,0.0,within_ideal_payload_capacity,0.12739999999999999,MODELLED_per_accepted_frame_no_queue_jitter_retransmission_or_humanreaction
10,40000,10,25,50.0,32.0,50,157.00000000000003,10,3.2,True,0.0,within_ideal_payload_capacity,0.054950000000000006,MODELLED_per_accepted_frame_no_queue_jitter_retransmission_or_humanreaction
10,40000,10,50,50.0,32.0,50,182.0,10,3.2,True,0.0,within_ideal_payload_capacity,0.06369999999999999,MODELLED_per_accepted_frame_no_queue_jitter_retransmission_or_humanreaction
10,40000,10,100,50.0,32.0,50,231.99999999999997,10,3.2,True,0.0,within_ideal_payload_capacity,0.0812,MODELLED_per_accepted_frame_no_queue_jitter_retransmission_or_humanreaction
10,40000,10,200,50.0,32.0,50,332.0,5.0,3.2,True,0.0,within_ideal_payload_capacity,0.1162,MODELLED_per_accepted_frame_no_queue_jitter_retransmission_or_humanreaction
20,40000,1,25,25.0,320.0,50,420.00000000000006,3.125,6.4,False,0.84375,requires_throttling_or_discard,0.147,MODELLED_per_accepted_frame_no_queue_jitter_retransmission_or_humanreaction
20,40000,1,50,25.0,320.0,50,445.0,3.125,6.4,False,0.84375,requires_throttling_or_discard,0.15575,MODELLED_per_accepted_frame_no_queue_jitter_retransmission_or_humanreaction
20,40000,1,100,25.0,320.0,50,495.00000000000006,3.125,6.4,False,0.84375,requires_throttling_or_discard,0.17325000000000002,MODELLED_per_accepted_frame_no_queue_jitter_retransmission_or_humanreaction
20,40000,1,200,25.0,320.0,50,595.0000000000001,3.125,6.4,False,0.84375,requires_throttling_or_discard,0.20825000000000002,MODELLED_per_accepted_frame_no_queue_jitter_retransmission_or_humanreaction
20,40000,2,25,25.0,160.0,50,260.0,6.25,6.4,False,0.6875,requires_throttling_or_discard,0.091,MODELLED_per_accepted_frame_no_queue_jitter_retransmission_or_humanreaction
20,40000,2,50,25.0,160.0,50,285.0,6.25,6.4,False,0.6875,requires_throttling_or_discard,0.09974999999999999,MODELLED_per_accepted_frame_no_queue_jitter_retransmission_or_humanreaction
20,40000,2,100,25.0,160.0,50,335.0,6.25,6.4,False,0.6875,requires_throttling_or_discard,0.11725,MODELLED_per_accepted_frame_no_queue_jitter_retransmission_or_humanreaction
20,40000,2,200,25.0,160.0,50,435.0,5.0,6.4,False,0.6875,requires_throttling_or_discard,0.15225,MODELLED_per_accepted_frame_no_queue_jitter_retransmission_or_humanreaction
20,40000,5,25,25.0,64.0,50,163.99999999999997,15.625,6.4,False,0.21875,requires_throttling_or_discard,0.057399999999999986,MODELLED_per_accepted_frame_no_queue_jitter_retransmission_or_humanreaction
20,40000,5,50,25.0,64.0,50,189.0,15.625,6.4,False,0.21875,requires_throttling_or_discard,0.06615,MODELLED_per_accepted_frame_no_queue_jitter_retransmission_or_humanreaction
20,40000,5,100,25.0,64.0,50,239.0,10.0,6.4,False,0.21875,requires_throttling_or_discard,0.08364999999999999,MODELLED_per_accepted_frame_no_queue_jitter_retransmission_or_humanreaction
20,40000,5,200,25.0,64.0,50,339.0,5.0,6.4,False,0.21875,requires_throttling_or_discard,0.11865,MODELLED_per_accepted_frame_no_queue_jitter_retransmission_or_humanreaction
20,40000,10,25,25.0,32.0,50,132.0,20,6.4,True,0.0,within_ideal_payload_capacity,0.0462,MODELLED_per_accepted_frame_no_queue_jitter_retransmission_or_humanreaction
20,40000,10,50,25.0,32.0,50,157.00000000000003,20,6.4,True,0.0,within_ideal_payload_capacity,0.054950000000000006,MODELLED_per_accepted_frame_no_queue_jitter_retransmission_or_humanreaction
20,40000,10,100,25.0,32.0,50,207.00000000000003,10.0,6.4,True,0.0,within_ideal_payload_capacity,0.07245,MODELLED_per_accepted_frame_no_queue_jitter_retransmission_or_humanreaction
20,40000,10,200,25.0,32.0,50,307.0,5.0,6.4,True,0.0,within_ideal_payload_capacity,0.10744999999999999,MODELLED_per_accepted_frame_no_queue_jitter_retransmission_or_humanreaction
