diameter_mm,no_load_rpm,no_load_speed_m_s,at_commanded_speed_required_rpm,evidence
145,100,0.7592182246175333,46.10005248179037,MODELLED_diameter_sensitivity_only
146,100,0.7644542123735164,45.78429869766852,MODELLED_diameter_sensitivity_only
147,100,0.7696902001294994,45.47284088339867,MODELLED_diameter_sensitivity_only
148,100,0.7749261878854823,45.16559195851084,MODELLED_diameter_sensitivity_only
149,100,0.7801621756414653,44.862467180265796,MODELLED_diameter_sensitivity_only
150,100,0.7853981633974482,44.563384065730695,MODELLED_diameter_sensitivity_only
151,100,0.7906341511534313,44.268262316951024,MODELLED_diameter_sensitivity_only
152,100,0.7958701389094143,43.977023749076345,MODELLED_diameter_sensitivity_only
153,100,0.8011061266653973,43.6895922213046,MODELLED_diameter_sensitivity_only
154,100,0.8063421144213802,43.40589357051691,MODELLED_diameter_sensitivity_only
155,100,0.8115781021773633,43.125855547481315,MODELLED_diameter_sensitivity_only
156,100,0.8168140899333463,42.84940775551028,MODELLED_diameter_sensitivity_only
157,100,0.8220500776893291,42.576481591462446,MODELLED_diameter_sensitivity_only
158,100,0.8272860654453122,42.30701018898483,MODELLED_diameter_sensitivity_only
159,100,0.8325220532012951,42.040928363896874,MODELLED_diameter_sensitivity_only
160,100,0.8377580409572782,41.77817256162252,MODELLED_diameter_sensitivity_only
161,100,0.842994028713261,41.51868080658139,MODELLED_diameter_sensitivity_only
162,100,0.8482300164692441,41.26239265345435,MODELLED_diameter_sensitivity_only
163,100,0.8534660042252271,41.00924914024297,MODELLED_diameter_sensitivity_only
164,100,0.85870199198121,40.75919274304637,MODELLED_diameter_sensitivity_only
165,100,0.863937979737193,40.51216733248245,MODELLED_diameter_sensitivity_only
166,100,0.8691739674931763,40.26811813168435,MODELLED_diameter_sensitivity_only
167,100,0.8744099552491591,40.026991675806016,MODELLED_diameter_sensitivity_only
168,100,0.8796459430051421,39.78873577297383,MODELLED_diameter_sensitivity_only
169,100,0.8848819307611252,39.55329946662487,MODELLED_diameter_sensitivity_only
170,100,0.890117918517108,39.320632999174144,MODELLED_diameter_sensitivity_only
171,100,0.895353906273091,39.09068777695674,MODELLED_diameter_sensitivity_only
172,100,0.9005898940290741,38.863416336393044,MODELLED_diameter_sensitivity_only
173,100,0.905825881785057,38.638772311327195,MODELLED_diameter_sensitivity_only
174,100,0.91106186954104,38.416710401491976,MODELLED_diameter_sensitivity_only
175,100,0.916297857297023,38.197186342054884,MODELLED_diameter_sensitivity_only
176,100,0.9215338450530058,37.9801568742023,MODELLED_diameter_sensitivity_only
177,100,0.926769832808989,37.76557971672092,MODELLED_diameter_sensitivity_only
178,100,0.9320058205649722,37.55341353853709,MODELLED_diameter_sensitivity_only
179,100,0.9372418083209549,37.34361793217656,MODELLED_diameter_sensitivity_only
180,100,0.9424777960769379,37.13615338810891,MODELLED_diameter_sensitivity_only
181,100,0.9477137838329209,36.930981269942556,MODELLED_diameter_sensitivity_only
182,100,0.9529497715889038,36.72806379043738,MODELLED_diameter_sensitivity_only
183,100,0.9581857593448869,36.52736398830385,MODELLED_diameter_sensitivity_only
184,100,0.9634217471008699,36.32884570575872,MODELLED_diameter_sensitivity_only
185,100,0.9686577348568528,36.13247356680867,MODELLED_diameter_sensitivity_only
