independent_positive_trials,observed_misses,one_sided_confidence,upper_miss_probability,evidence
1,0,0.95,0.95,MODELLED_binomial_zero_miss_design_not_observed_data
2,0,0.95,0.776393202250021,MODELLED_binomial_zero_miss_design_not_observed_data
3,0,0.95,0.6315968501359612,MODELLED_binomial_zero_miss_design_not_observed_data
4,0,0.95,0.527129195498412,MODELLED_binomial_zero_miss_design_not_observed_data
5,0,0.95,0.4507197283469411,MODELLED_binomial_zero_miss_design_not_observed_data
6,0,0.95,0.39303776899708265,MODELLED_binomial_zero_miss_design_not_observed_data
7,0,0.95,0.34816365513116077,MODELLED_binomial_zero_miss_design_not_observed_data
8,0,0.95,0.3123439780663678,MODELLED_binomial_zero_miss_design_not_observed_data
9,0,0.95,0.2831288355631134,MODELLED_binomial_zero_miss_design_not_observed_data
10,0,0.95,0.2588655508930522,MODELLED_binomial_zero_miss_design_not_observed_data
11,0,0.95,0.2384041903808526,MODELLED_binomial_zero_miss_design_not_observed_data
12,0,0.95,0.22092219194555585,MODELLED_binomial_zero_miss_design_not_observed_data
13,0,0.95,0.20581666518655062,MODELLED_binomial_zero_miss_design_not_observed_data
14,0,0.95,0.19263617565013524,MODELLED_binomial_zero_miss_design_not_observed_data
15,0,0.95,0.18103627252208465,MODELLED_binomial_zero_miss_design_not_observed_data
16,0,0.95,0.17074972298248092,MODELLED_binomial_zero_miss_design_not_observed_data
17,0,0.95,0.16156611126074005,MODELLED_binomial_zero_miss_design_not_observed_data
18,0,0.95,0.1533175539572782,MODELLED_binomial_zero_miss_design_not_observed_data
19,0,0.95,0.14586850331224344,MODELLED_binomial_zero_miss_design_not_observed_data
20,0,0.95,0.13910834066826516,MODELLED_binomial_zero_miss_design_not_observed_data
21,0,0.95,0.1329459110265233,MODELLED_binomial_zero_miss_design_not_observed_data
22,0,0.95,0.12730543165483865,MODELLED_binomial_zero_miss_design_not_observed_data
23,0,0.95,0.12212338890652308,MODELLED_binomial_zero_miss_design_not_observed_data
24,0,0.95,0.1173461561549487,MODELLED_binomial_zero_miss_design_not_observed_data
25,0,0.95,0.11292814500684323,MODELLED_binomial_zero_miss_design_not_observed_data
26,0,0.95,0.10883035576078481,MODELLED_binomial_zero_miss_design_not_observed_data
27,0,0.95,0.10501923017634429,MODELLED_binomial_zero_miss_design_not_observed_data
28,0,0.95,0.10146573557272465,MODELLED_binomial_zero_miss_design_not_observed_data
29,0,0.95,0.0981446276772957,MODELLED_binomial_zero_miss_design_not_observed_data
30,0,0.95,0.09503385285530408,MODELLED_binomial_zero_miss_design_not_observed_data
31,0,0.95,0.09211405994732369,MODELLED_binomial_zero_miss_design_not_observed_data
32,0,0.95,0.0893681989862648,MODELLED_binomial_zero_miss_design_not_observed_data
33,0,0.95,0.08678118929147494,MODELLED_binomial_zero_miss_design_not_observed_data
34,0,0.95,0.08433964335062538,MODELLED_binomial_zero_miss_design_not_observed_data
35,0,0.95,0.08203163585667039,MODELLED_binomial_zero_miss_design_not_observed_data
36,0,0.95,0.07984650951989436,MODELLED_binomial_zero_miss_design_not_observed_data
37,0,0.95,0.07777471100513789,MODELLED_binomial_zero_miss_design_not_observed_data
38,0,0.95,0.07580765168296455,MODELLED_binomial_zero_miss_design_not_observed_data
39,0,0.95,0.07393758892668656,MODELLED_binomial_zero_miss_design_not_observed_data
40,0,0.95,0.0721575245055146,MODELLED_binomial_zero_miss_design_not_observed_data
41,0,0.95,0.07046111727016402,MODELLED_binomial_zero_miss_design_not_observed_data
42,0,0.95,0.06884260784039486,MODELLED_binomial_zero_miss_design_not_observed_data
43,0,0.95,0.06729675341386787,MODELLED_binomial_zero_miss_design_not_observed_data
44,0,0.95,0.06581877114493395,MODELLED_binomial_zero_miss_design_not_observed_data
45,0,0.95,0.06440428880778348,MODELLED_binomial_zero_miss_design_not_observed_data
46,0,0.95,0.06304930167405443,MODELLED_binomial_zero_miss_design_not_observed_data
47,0,0.95,0.06175013471082447,MODELLED_binomial_zero_miss_design_not_observed_data
48,0,0.95,0.06050340934889431,MODELLED_binomial_zero_miss_design_not_observed_data
49,0,0.95,0.059306014189697054,MODELLED_binomial_zero_miss_design_not_observed_data
50,0,0.95,0.058155079116972264,MODELLED_binomial_zero_miss_design_not_observed_data
51,0,0.95,0.0570479523604428,MODELLED_binomial_zero_miss_design_not_observed_data
52,0,0.95,0.05598218012623557,MODELLED_binomial_zero_miss_design_not_observed_data
53,0,0.95,0.05495548846517784,MODELLED_binomial_zero_miss_design_not_observed_data
54,0,0.95,0.053965767097376216,MODELLED_binomial_zero_miss_design_not_observed_data
55,0,0.95,0.0530110549512538,MODELLED_binomial_zero_miss_design_not_observed_data
56,0,0.95,0.05208952720877946,MODELLED_binomial_zero_miss_design_not_observed_data
57,0,0.95,0.05119948367703919,MODELLED_binomial_zero_miss_design_not_observed_data
58,0,0.95,0.05033933833042015,MODELLED_binomial_zero_miss_design_not_observed_data
59,0,0.95,0.04950760988822689,MODELLED_binomial_zero_miss_design_not_observed_data
60,0,0.95,0.04870291331009746,MODELLED_binomial_zero_miss_design_not_observed_data
61,0,0.95,0.04792395210660727,MODELLED_binomial_zero_miss_design_not_observed_data
62,0,0.95,0.047169511375356854,MODELLED_binomial_zero_miss_design_not_observed_data
63,0,0.95,0.046438451483938215,MODELLED_binomial_zero_miss_design_not_observed_data
64,0,0.95,0.045729702330762456,MODELLED_binomial_zero_miss_design_not_observed_data
65,0,0.95,0.045042258123013545,MODELLED_binomial_zero_miss_design_not_observed_data
66,0,0.95,0.044375172618184244,MODELLED_binomial_zero_miss_design_not_observed_data
67,0,0.95,0.0437275547818895,MODELLED_binomial_zero_miss_design_not_observed_data
68,0,0.95,0.043098564820088336,MODELLED_binomial_zero_miss_design_not_observed_data
69,0,0.95,0.04248741054859373,MODELLED_binomial_zero_miss_design_not_observed_data
70,0,0.95,0.041893344066888605,MODELLED_binomial_zero_miss_design_not_observed_data
71,0,0.95,0.04131565870690945,MODELLED_binomial_zero_miss_design_not_observed_data
72,0,0.95,0.04075368623063991,MODELLED_binomial_zero_miss_design_not_observed_data
73,0,0.95,0.04020679425316587,MODELLED_binomial_zero_miss_design_not_observed_data
74,0,0.95,0.03967438387031341,MODELLED_binomial_zero_miss_design_not_observed_data
75,0,0.95,0.03915588747217125,MODELLED_binomial_zero_miss_design_not_observed_data
76,0,0.95,0.03865076672572554,MODELLED_binomial_zero_miss_design_not_observed_data
77,0,0.95,0.03815851071154541,MODELLED_binomial_zero_miss_design_not_observed_data
78,0,0.95,0.03767863420096851,MODELLED_binomial_zero_miss_design_not_observed_data
79,0,0.95,0.03721067606158024,MODELLED_binomial_zero_miss_design_not_observed_data
80,0,0.95,0.036754197779982345,MODELLED_binomial_zero_miss_design_not_observed_data
81,0,0.95,0.036308782091904246,MODELLED_binomial_zero_miss_design_not_observed_data
82,0,0.95,0.03587403171067116,MODELLED_binomial_zero_miss_design_not_observed_data
83,0,0.95,0.03544956814588507,MODELLED_binomial_zero_miss_design_not_observed_data
84,0,0.95,0.03503503060494206,MODELLED_binomial_zero_miss_design_not_observed_data
85,0,0.95,0.03463007497068704,MODELLED_binomial_zero_miss_design_not_observed_data
86,0,0.95,0.03423437284912023,MODELLED_binomial_zero_miss_design_not_observed_data
87,0,0.95,0.03384761068161957,MODELLED_binomial_zero_miss_design_not_observed_data
88,0,0.95,0.03346948891663748,MODELLED_binomial_zero_miss_design_not_observed_data
89,0,0.95,0.03309972123627414,MODELLED_binomial_zero_miss_design_not_observed_data
90,0,0.95,0.032738033833534574,MODELLED_binomial_zero_miss_design_not_observed_data
91,0,0.95,0.03238416473643446,MODELLED_binomial_zero_miss_design_not_observed_data
92,0,0.95,0.032037863175451764,MODELLED_binomial_zero_miss_design_not_observed_data
93,0,0.95,0.03169888899111484,MODELLED_binomial_zero_miss_design_not_observed_data
94,0,0.95,0.03136701207878767,MODELLED_binomial_zero_miss_design_not_observed_data
95,0,0.95,0.031042011867954855,MODELLED_binomial_zero_miss_design_not_observed_data
96,0,0.95,0.03072367683353283,MODELLED_binomial_zero_miss_design_not_observed_data
97,0,0.95,0.03041180403693111,MODELLED_binomial_zero_miss_design_not_observed_data
98,0,0.95,0.030106198694773156,MODELLED_binomial_zero_miss_design_not_observed_data
99,0,0.95,0.02980667377335089,MODELLED_binomial_zero_miss_design_not_observed_data
100,0,0.95,0.029513049607039932,MODELLED_binomial_zero_miss_design_not_observed_data
101,0,0.95,0.029225153539039095,MODELLED_binomial_zero_miss_design_not_observed_data
102,0,0.95,0.028942819582926327,MODELLED_binomial_zero_miss_design_not_observed_data
103,0,0.95,0.028665888103637016,MODELLED_binomial_zero_miss_design_not_observed_data
104,0,0.95,0.028394205516576565,MODELLED_binomial_zero_miss_design_not_observed_data
105,0,0.95,0.02812762400367641,MODELLED_binomial_zero_miss_design_not_observed_data
106,0,0.95,0.02786600124529015,MODELLED_binomial_zero_miss_design_not_observed_data
107,0,0.95,0.027609200166909376,MODELLED_binomial_zero_miss_design_not_observed_data
108,0,0.95,0.027357088699751175,MODELLED_binomial_zero_miss_design_not_observed_data
109,0,0.95,0.027109539554339923,MODELLED_binomial_zero_miss_design_not_observed_data
110,0,0.95,0.02686643000626776,MODELLED_binomial_zero_miss_design_not_observed_data
111,0,0.95,0.026627641693375725,MODELLED_binomial_zero_miss_design_not_observed_data
112,0,0.95,0.02639306042365297,MODELLED_binomial_zero_miss_design_not_observed_data
113,0,0.95,0.026162575993197157,MODELLED_binomial_zero_miss_design_not_observed_data
114,0,0.95,0.025936082013628403,MODELLED_binomial_zero_miss_design_not_observed_data
115,0,0.95,0.025713475748387893,MODELLED_binomial_zero_miss_design_not_observed_data
116,0,0.95,0.025494657957392253,MODELLED_binomial_zero_miss_design_not_observed_data
117,0,0.95,0.025279532749551303,MODELLED_binomial_zero_miss_design_not_observed_data
118,0,0.95,0.02506800744268678,MODELLED_binomial_zero_miss_design_not_observed_data
119,0,0.95,0.02485999243042436,MODELLED_binomial_zero_miss_design_not_observed_data
120,0,0.95,0.024655401055656334,MODELLED_binomial_zero_miss_design_not_observed_data
121,0,0.95,0.024454149490199528,MODELLED_binomial_zero_miss_design_not_observed_data
122,0,0.95,0.024256156620297897,MODELLED_binomial_zero_miss_design_not_observed_data
123,0,0.95,0.024061343937641255,MODELLED_binomial_zero_miss_design_not_observed_data
124,0,0.95,0.023869635435592396,MODELLED_binomial_zero_miss_design_not_observed_data
125,0,0.95,0.023680957510334832,MODELLED_binomial_zero_miss_design_not_observed_data
126,0,0.95,0.023495238866670043,MODELLED_binomial_zero_miss_design_not_observed_data
127,0,0.95,0.023312410428213082,MODELLED_binomial_zero_miss_design_not_observed_data
128,0,0.95,0.023132405251746757,MODELLED_binomial_zero_miss_design_not_observed_data
129,0,0.95,0.022955158445512658,MODELLED_binomial_zero_miss_design_not_observed_data
130,0,0.95,0.0227806070912292,MODELLED_binomial_zero_miss_design_not_observed_data
131,0,0.95,0.022608690169639956,MODELLED_binomial_zero_miss_design_not_observed_data
132,0,0.95,0.022439348489406652,MODELLED_binomial_zero_miss_design_not_observed_data
133,0,0.95,0.02227252461917395,MODELLED_binomial_zero_miss_design_not_observed_data
134,0,0.95,0.022108162822640942,MODELLED_binomial_zero_miss_design_not_observed_data
135,0,0.95,0.02194620899648647,MODELLED_binomial_zero_miss_design_not_observed_data
136,0,0.95,0.021786610611001844,MODELLED_binomial_zero_miss_design_not_observed_data
137,0,0.95,0.02162931665329504,MODELLED_binomial_zero_miss_design_not_observed_data
138,0,0.95,0.02147427757293663,MODELLED_binomial_zero_miss_design_not_observed_data
139,0,0.95,0.02132144522992696,MODELLED_binomial_zero_miss_design_not_observed_data
140,0,0.95,0.02117077284486879,MODELLED_binomial_zero_miss_design_not_observed_data
141,0,0.95,0.021022214951236795,MODELLED_binomial_zero_miss_design_not_observed_data
142,0,0.95,0.020875727349643047,MODELLED_binomial_zero_miss_design_not_observed_data
143,0,0.95,0.02073126706400097,MODELLED_binomial_zero_miss_design_not_observed_data
144,0,0.95,0.02058879229949584,MODELLED_binomial_zero_miss_design_not_observed_data
145,0,0.95,0.02044826240227704,MODELLED_binomial_zero_miss_design_not_observed_data
146,0,0.95,0.020309637820788762,MODELLED_binomial_zero_miss_design_not_observed_data
147,0,0.95,0.02017288006866358,MODELLED_binomial_zero_miss_design_not_observed_data
148,0,0.95,0.02003795168910416,MODELLED_binomial_zero_miss_design_not_observed_data
149,0,0.95,0.019904816220685073,MODELLED_binomial_zero_miss_design_not_observed_data
150,0,0.95,0.019773438164508494,MODELLED_binomial_zero_miss_design_not_observed_data
151,0,0.95,0.01964378295265168,MODELLED_binomial_zero_miss_design_not_observed_data
152,0,0.95,0.019515816917848205,MODELLED_binomial_zero_miss_design_not_observed_data
153,0,0.95,0.019389507264345518,MODELLED_binomial_zero_miss_design_not_observed_data
154,0,0.95,0.019264822039886997,MODELLED_binomial_zero_miss_design_not_observed_data
155,0,0.95,0.019141730108768296,MODELLED_binomial_zero_miss_design_not_observed_data
156,0,0.95,0.0190202011259194,MODELLED_binomial_zero_miss_design_not_observed_data
157,0,0.95,0.018900205511968138,MODELLED_binomial_zero_miss_design_not_observed_data
158,0,0.95,0.018781714429240925,MODELLED_binomial_zero_miss_design_not_observed_data
159,0,0.95,0.018664699758660697,MODELLED_binomial_zero_miss_design_not_observed_data
160,0,0.95,0.018549134077503804,MODELLED_binomial_zero_miss_design_not_observed_data
161,0,0.95,0.018434990637976156,MODELLED_binomial_zero_miss_design_not_observed_data
162,0,0.95,0.018322243346577727,MODELLED_binomial_zero_miss_design_not_observed_data
163,0,0.95,0.01821086674421757,MODELLED_binomial_zero_miss_design_not_observed_data
164,0,0.95,0.01810083598705059,MODELLED_binomial_zero_miss_design_not_observed_data
165,0,0.95,0.017992126828005106,MODELLED_binomial_zero_miss_design_not_observed_data
166,0,0.95,0.017884715598970535,MODELLED_binomial_zero_miss_design_not_observed_data
167,0,0.95,0.017778579193621136,MODELLED_binomial_zero_miss_design_not_observed_data
168,0,0.95,0.01767369505084615,MODELLED_binomial_zero_miss_design_not_observed_data
169,0,0.95,0.01757004113876348,MODELLED_binomial_zero_miss_design_not_observed_data
170,0,0.95,0.0174675959392927,MODELLED_binomial_zero_miss_design_not_observed_data
171,0,0.95,0.017366338433264406,MODELLED_binomial_zero_miss_design_not_observed_data
172,0,0.95,0.01726624808604449,MODELLED_binomial_zero_miss_design_not_observed_data
173,0,0.95,0.017167304833652364,MODELLED_binomial_zero_miss_design_not_observed_data
174,0,0.95,0.017069489069354238,MODELLED_binomial_zero_miss_design_not_observed_data
175,0,0.95,0.016972781630711253,MODELLED_binomial_zero_miss_design_not_observed_data
176,0,0.95,0.016877163787066496,MODELLED_binomial_zero_miss_design_not_observed_data
177,0,0.95,0.016782617227451335,MODELLED_binomial_zero_miss_design_not_observed_data
178,0,0.95,0.016689124048896775,MODELLED_binomial_zero_miss_design_not_observed_data
179,0,0.95,0.01659666674513316,MODELLED_binomial_zero_miss_design_not_observed_data
180,0,0.95,0.01650522819566269,MODELLED_binomial_zero_miss_design_not_observed_data
181,0,0.95,0.01641479165519244,MODELLED_binomial_zero_miss_design_not_observed_data
182,0,0.95,0.01632534074341141,MODELLED_binomial_zero_miss_design_not_observed_data
183,0,0.95,0.016236859435101225,MODELLED_binomial_zero_miss_design_not_observed_data
184,0,0.95,0.016149332050565568,MODELLED_binomial_zero_miss_design_not_observed_data
185,0,0.95,0.01606274324636847,MODELLED_binomial_zero_miss_design_not_observed_data
186,0,0.95,0.01597707800636816,MODELLED_binomial_zero_miss_design_not_observed_data
187,0,0.95,0.015892321633036777,MODELLED_binomial_zero_miss_design_not_observed_data
188,0,0.95,0.015808459739054426,MODELLED_binomial_zero_miss_design_not_observed_data
189,0,0.95,0.015725478239168478,MODELLED_binomial_zero_miss_design_not_observed_data
190,0,0.95,0.015643363342307093,MODELLED_binomial_zero_miss_design_not_observed_data
191,0,0.95,0.015562101543939999,MODELLED_binomial_zero_miss_design_not_observed_data
192,0,0.95,0.015481679618674082,MODELLED_binomial_zero_miss_design_not_observed_data
193,0,0.95,0.015402084613079015,MODELLED_binomial_zero_miss_design_not_observed_data
194,0,0.95,0.015323303838732594,MODELLED_binomial_zero_miss_design_not_observed_data
195,0,0.95,0.015245324865477805,MODELLED_binomial_zero_miss_design_not_observed_data
196,0,0.95,0.015168135514885495,MODELLED_binomial_zero_miss_design_not_observed_data
197,0,0.95,0.015091723853914218,MODELLED_binomial_zero_miss_design_not_observed_data
198,0,0.95,0.01501607818876094,MODELLED_binomial_zero_miss_design_not_observed_data
199,0,0.95,0.014941187058895244,MODELLED_binomial_zero_miss_design_not_observed_data
200,0,0.95,0.014867039231272083,MODELLED_binomial_zero_miss_design_not_observed_data
