id,title,caption,evidence_status
ENG_F01_energy_duty,Energy-limited mission duration,"Analytical scenario; no experimental data. A 72 Wh label-based capacity, 80% usable fraction, 5 W auxiliary load, 35 W driving increment and 0.75 PV derating define the balance. Irradiance is constant. The top panel is displayed only to 12 h; non-depleting branches are conditional, not unlimited endurance. The lower panel shows the feasible 2–8 h scenarios; the archive also records an explicitly infeasible 20 h dark case. Additional arm, steering, light and pump demand is excluded.",CALCULATED_OR_MODELLED_NOT_OBSERVED
ENG_F02_solar,Solar power sensitivity and recharge lower bound,"Analytical scenario; no experimental data. The upper panel uses the selected 20 W module temperature coefficient without the lumped mission derating. The lower panel separately assumes 0.75 combined derating, 72 Wh replacement and no rover load. These losses must not be counted twice. Recharge values are energy-only lower bounds; weather, charge taper, shading and controller headroom are omitted. The module power-temperature coefficient is −0.38% per kelvin.",CALCULATED_OR_MODELLED_NOT_OBSERVED
ENG_F03_grade_motor,Steady slope and motor sizing,"Analytical scenario; no experimental data. Equal wheel loading, 12 kg gross mass, 165 mm wheels and rolling coefficient 0.04 are assumed. Wheel torque follows the steady grade model. Current is a linear estimate from the motor specifications at 12 V. Dashed lines are manufacturer recommendations. The 10° marker is a proposed test condition. Starts, skid turning, sinkage, heat and PWM effects are excluded.",CALCULATED_OR_MODELLED_NOT_OBSERVED
ENG_F04_kinematic_sensitivity,Wheel diameter and systematic steering sensitivity,"Analytical scenario; no experimental data. The top panel uses peripheral speed at 100 rpm, not loaded ground speed. The bottom panel assumes equal angular speeds, 538 mm effective track and 0–2% right-to-left rolling-radius mismatch over a 10 m centerline path. Skid turning and active steering require additional models. Wheel-diameter variation is a sensitivity study, not photographic measurement.",CALCULATED_OR_MODELLED_NOT_OBSERVED
ENG_F05_arm,Arm workspace envelope and torque budget,"Analytical scenario; no experimental data or payload rating. The ideal annulus uses selected 146 mm and 264 mm links and ignores joint limits, collisions, cables and gripper length. Horizontal torque assumes 0.12/0.16 kg link masses and a 0.13 kg hand. The shaded 0.15–0.25 kg band is only a grasp-load scenario. The ×2 allowance does not validate dynamics or actuator thermal capability. Both annular boundaries and torque curves are generated from archived CSV data.",CALCULATED_OR_MODELLED_NOT_OBSERVED
ENG_F06_gm_uncertainty,Count integration and background uncertainty,"Analytical scenario; no experimental radiation data. The upper panel uses ideal Poisson expected counts without background or dead time. The lower panel assumes a 1 count/s net signal and 1 count/s background, with independent sample and background windows. Calibration, energy response and background drift are omitted. These curves support integration-time planning, not dose-rate or safety claims.",CALCULATED_OR_MODELLED_NOT_OBSERVED
ENG_F07_tds,Full-scale TDS specification and partial uncertainty,"Calculated specification interpretation and analytical scenario; no experimental data. The SEN0244 specification is ±10% of its 1000 ppm full scale, equivalent to ±100 ppm. The lower panel propagates selected 10-bit, 5 V ADC quantization and assumed 0.5 °C temperature standard uncertainty. Calibration, matrix effects, drift, reference voltage, fouling and covariance are excluded, so the result is only a partial uncertainty budget. The manufacturer full-scale limit is not a probabilistic standard uncertainty.",CALCULATED_OR_MODELLED_NOT_OBSERVED
ENG_F08_detection_confidence,Detection trial count and uncertainty,"Analytical sample-size calculation; no trials were performed. For zero misses in n independent positive Bernoulli trials, the exact one-sided 95% upper miss-probability bound is 1 − 0.05^(1/n). At least 59 zero-miss trials are needed to place this bound below 5% for the tested condition distribution. Repeated frames or readings from one exposure are not necessarily independent trials.",CALCULATED_OR_MODELLED_NOT_OBSERVED
ENG_F09_vision_latency,Vision pipeline latency scenarios,"Analytical scenario; no hardware timing data. Each sum combines ideal capture-opportunity wait 1/(2fc) with processing and transfer of an accepted frame: 8S/R for 40,000 bytes plus inference and 50 ms for other stages. Prior queueing, retransmission, jitter and missed detections are omitted. Capture rates exceeding network capacity require throttling or discard; skipped capture opportunities add waiting not modeled here. Thus overloaded cases are conditional timing sums, not sustainable event-to-display means. The 360 ms sum gives 0.126 m travel at 0.35 m/s, excluding braking and human response. Inference is assigned to a remote edge host; other pipeline time includes decoding, postprocessing and display.",CALCULATED_OR_MODELLED_NOT_OBSERVED
